3.15710000000000000E+02, 9.79313137991717700E-01, 3.14918782242489040E+02, -1.88095380480774570E-01
3.17450000000000000E+02, 2.21124039436317300E+00, 3.14999223522402200E+02, 2.39536083234611400E-01
3.17500000000000000E+02, 2.69478705750259140E+00, 3.15079664802315300E+02, -2.74451859817872900E-01
3.17100000000000000E+02, 2.17534163745391400E+00, 3.15155435793694550E+02, -2.30777431148453620E-01
3.15860000000000000E+02, 8.94807423699263900E-01, 3.15231206785073800E+02, -2.66014208773071900E-01
3.14930000000000000E+02, -9.75101147039493500E-01, 3.15303204340579200E+02, 6.01896806460274500E-01
3.13200000000000000E+02, -2.54885493961177500E+00, 3.15375201896084660E+02, 3.73653043527099270E-01
3.12660000000000000E+02, -2.97372350648318660E+00, 3.15447161525048600E+02, 1.86561981434579140E-01
3.13330000000000000E+02, -1.91260438894873500E+00, 3.15519121154012570E+02, -2.76516765063831800E-01
3.14670000000000000E+02, -9.57913718084234500E-01, 3.15575625931144940E+02, 5.22877869393028050E-02
3.15620000000000000E+02, -9.56489237409205000E-02, 3.15632130708277260E+02, 8.35182154636413500E-02
3.16380000000000000E+02, 4.86499372709337500E-01, 3.15670043180203830E+02, 2.23457447086843790E-01
3.16710000000000000E+02, 1.00445227705382910E+00, 3.15707955652130350E+02, -2.40792918418719640E-03
3.17720000000000000E+02, 2.22620533395988500E+00, 3.15766991885664100E+02, -2.73197219623966700E-01
3.18290000000000000E+02, 2.70717927411451100E+00, 3.15826028119197760E+02, -2.43207393312275140E-01
3.18150000000000000E+02, 2.18098585316381200E+00, 3.15905229537533670E+02, 6.37846093025018500E-02
3.16540000000000000E+02, 8.92886032389123700E-01, 3.15984430955869600E+02, -3.37316988258692160E-01
3.14800000000000000E+02, -9.91287623503808700E-01, 3.16066292678833900E+02, -2.75005055330098000E-01
3.13840000000000000E+02, -2.57587441527832600E+00, 3.16148154401798250E+02, 2.67720013480072800E-01
3.13260000000000000E+02, -2.98538061891450250E+00, 3.16251576697276400E+02, -6.19607836188151850E-03
3.14800000000000000E+02, -1.92130688547311400E+00, 3.16354998992754500E+02, 3.66307892718623400E-01
3.15580000000000000E+02, -9.58750231139174200E-01, 3.16472147300930800E+02, 6.66029302083188700E-02
3.16430000000000000E+02, -9.44270997566781800E-02, 3.16589295609107100E+02, -6.48685093504468600E-02
3.16970000000000000E+02, 4.93109730351993600E-01, 3.16679446738005370E+02, -2.02556468357329320E-01
3.17580000000000000E+02, 1.02963889033943960E+00, 3.16769597866903550E+02, -2.19236757242981640E-01
3.19020000000000000E+02, 2.24121627635660170E+00, 3.16820835006766630E+02, -4.20512831232713300E-02
3.20030000000000000E+02, 2.71961602210294150E+00, 3.16872072146629650E+02, 4.38311831267355960E-01
3.19590000000000000E+02, 2.18667109206810650E+00, 3.16913446717902730E+02, 4.89882190029163670E-01
3.18180000000000000E+02, 8.91002156091266700E-01, 3.16954821289175800E+02, 3.34176554732948700E-01
3.15910000000000000E+02, -1.00744083786013630E+00, 3.16998198988140530E+02, -8.07581502803600400E-02
3.14160000000000000E+02, -2.60286488174118500E+00, 3.17041576687105250E+02, -2.78711805364025600E-01
3.13830000000000000E+02, -2.99701447081405700E+00, 3.17078964840508300E+02, -2.51950369694270650E-01
3.15000000000000000E+02, -1.92999187013766280E+00, 3.17116352993911330E+02, -1.86361123773679080E-01
3.16190000000000000E+02, -9.59573902553484800E-01, 3.17159089827024100E+02, -9.51592447063376300E-03
3.16930000000000000E+02, -9.31971043510080900E-02, 3.17201826660136800E+02, -1.78629555785789760E-01
3.17700000000000000E+02, 4.99725477141619250E-01, 3.17270082666762050E+02, -6.98081439036855000E-02
3.18540000000000000E+02, 1.05482811049756140E+00, 3.17338338673387340E+02, 1.46833216115112460E-01
3.19480000000000000E+02, 2.25622873325571200E+00, 3.17427222834935040E+02, -2.03451568190757830E-01
3.20580000000000000E+02, 2.73205319222364700E+00, 3.17516106996482730E+02, 3.31839811293605200E-01
3.19770000000000000E+02, 2.19235654847648750E+00, 3.17601392234138000E+02, -2.37487826145184040E-02
3.18570000000000000E+02, 8.89118292669305400E-01, 3.17686677471793300E+02, -5.79576446261853600E-03
3.16790000000000000E+02, -1.02359404577851600E+00, 3.17766511544041900E+02, 4.70825017366109900E-02
3.14800000000000000E+02, -2.62985534820404340E+00, 3.17846345616290530E+02, -4.16490268086477040E-01
3.15380000000000000E+02, -3.00864835048224450E+00, 3.17919109369234100E+02, 4.69538981248149400E-01
3.16100000000000000E+02, -1.93867691033947650E+00, 3.17991873122177600E+02, 4.68037881619238760E-02
3.17010000000000000E+02, -9.60398100674390400E-01, 3.18061091641153800E+02, -9.06935404793785000E-02
3.17940000000000000E+02, -9.19681068212627200E-02, 3.18130310160129970E+02, -9.83420533087269200E-02
3.18560000000000000E+02, 5.06337430933309900E-01, 3.18198609853154000E+02, -1.44947284087265870E-01
3.19680000000000000E+02, 1.08001074253573770E+00, 3.18266909546178000E+02, 3.33079711286245600E-01
3.20630000000000000E+02, 2.27122686357450080E+00, 3.18326234564122400E+02, 3.25385723031104130E-02
3.21010000000000000E+02, 2.74446829730365500E+00, 3.18385559582066830E+02, -1.20027879370525170E-01
3.20550000000000000E+02, 2.19800676654929730E+00, 3.18436694082303600E+02, -8.47008488528331300E-02
3.19580000000000000E+02, 8.87186017616900500E-01, 3.18487828582540260E+02, 2.04985399842826150E-01
3.17400000000000000E+02, -1.03981237056863280E+00, 3.18532896056376900E+02, -9.30836858082670900E-02
3.16260000000000000E+02, -2.65692763677993300E+00, 3.18577963530213540E+02, 3.38964106566379540E-01
3.15420000000000000E+02, -3.02038066850854400E+00, 3.18631441339875950E+02, -1.91060671367381470E-01
3.16690000000000000E+02, -1.94747700514448360E+00, 3.18684919149538360E+02, -4.74421443938695100E-02
3.17690000000000000E+02, -9.61350117937288000E-01, 3.18741551532250900E+02, -9.02014143136398200E-02
3.18740000000000000E+02, -9.08796929723081300E-02, 3.18798183914963540E+02, 3.26957780087582250E-02
3.19080000000000000E+02, 5.12803841462222600E-01, 3.18837183287134050E+02, -2.69987128596312700E-01
3.19860000000000000E+02, 1.10528501267501380E+00, 3.18876182659304600E+02, -1.21467671979644360E-01
3.21390000000000000E+02, 2.28645497245342600E+00, 3.18910184981478200E+02, 1.93360046068335120E-01
3.22250000000000000E+02, 2.75792770191492400E+00, 3.18944187303651800E+02, 5.47884994433275100E-01
3.21470000000000000E+02, 2.20537861144257750E+00, 3.18992270825858000E+02, 2.72350562699443800E-01
3.19740000000000000E+02, 8.84713009046612500E-01, 3.19040354348064170E+02, -1.85067357110767720E-01
3.17770000000000000E+02, -1.05643048491297350E+00, 3.19094163977800900E+02, -2.67733492887941800E-01
3.16210000000000000E+02, -2.68419533622082300E+00, 3.19147973607537660E+02, -2.53778271316889460E-01
3.15990000000000000E+02, -3.03257124947831500E+00, 3.19192473690425460E+02, -1.69902440947112150E-01
3.17120000000000000E+02, -1.95652432407159600E+00, 3.19236973773313250E+02, -1.60449449241639290E-01
3.18310000000000000E+02, -9.62344626504778000E-01, 3.19284770692074060E+02, -1.24260655692864930E-02
3.19570000000000000E+02, -8.98859128318247500E-02, 3.19332567610834930E+02, 3.27318301996911030E-01
3.20070000000000000E+02, 5.18514122504074200E-01, 3.19392826608502200E+02, 1.58659268993687870E-01
3.20730000000000000E+02, 1.13063050106517500E+00, 3.19453085606169450E+02, 1.46283892765382000E-01
3.21770000000000000E+02, 2.30175636994804520E+00, 3.19503485378088200E+02, -3.52417480362987600E-02
3.22250000000000000E+02, 2.77146246550669460E+00, 3.19553885150007000E+02, -7.53476155136922900E-02
3.21890000000000000E+02, 2.21282009802253600E+00, 3.19582444038989600E+02, 9.47358629878749500E-02
3.20440000000000000E+02, 8.82303924869178900E-01, 3.19611002927972200E+02, -5.33068528413878100E-02
3.18700000000000000E+02, -1.07299450101440930E+00, 3.19628853949981800E+02, 1.44140551032592160E-01
3.16700000000000000E+02, -2.71141876356875700E+00, 3.19646704971991500E+02, -2.35286208422735400E-01
3.16790000000000000E+02, -3.04472737138233770E+00, 3.19660474394213450E+02, 1.74252977168919200E-01
3.17790000000000000E+02, -1.96554699696016750E+00, 3.19674243816435500E+02, 8.13031805246851000E-02
3.18710000000000000E+02, -9.63321337156047300E-01, 3.19694211290180760E+02, -2.08899530247208530E-02
3.19440000000000000E+02, -8.88811828974402800E-02, 3.19714178763926100E+02, -1.85297581028635250E-01
3.20440000000000000E+02, 5.24231662268957700E-01, 3.19754612164757650E+02, 1.61156172973392130E-01
3.20890000000000000E+02, 1.15597955710749870E+00, 3.19795045565589130E+02, -6.10251226966624900E-02
3.22130000000000000E+02, 2.31705986005980470E+00, 3.19860650844519100E+02, -4.77107045789466600E-02
3.22160000000000000E+02, 2.78499784668058230E+00, 3.19926256123449100E+02, -5.51253970129664600E-01
3.21870000000000000E+02, 2.22026190356165550E+00, 3.20009489399124200E+02, -3.59751302685879200E-01
3.21390000000000000E+02, 8.79894861027951000E-01, 3.20092722674799350E+02, 4.17382464172703750E-01
3.18810000000000000E+02, -1.08955850694774180E+00, 3.20203263212199800E+02, -3.03704705252016540E-01
3.17810000000000000E+02, -2.73864219091669100E+00, 3.20313803749600140E+02, 2.34838441316526310E-01
3.17300000000000000E+02, -3.05688348469910800E+00, 3.20448345881696700E+02, -9.14623969975991700E-02
3.18870000000000000E+02, -1.97456965267423500E+00, 3.20582888013793300E+02, 2.61681638880929770E-01
3.19420000000000000E+02, -9.64298134166285700E-01, 3.20716882342492200E+02, -3.32584208325897630E-01
3.20620000000000000E+02, -8.78766428554991200E-02, 3.20850876671191100E+02, -1.43000028335563900E-01
3.21590000000000000E+02, 5.29947852064645700E-01, 3.20957699361902100E+02, 1.02352786033236500E-01
3.22390000000000000E+02, 1.18132610310387490E+00, 3.21064522052613140E+02, 1.44151844282987440E-01
3.23870000000000000E+02, 2.33235731878570270E+00, 3.21155628331827760E+02, 3.82014349386565750E-01
3.24010000000000000E+02, 2.79852367512869600E+00, 3.21246734611042300E+02, -3.52582861710288850E-02
3.23750000000000000E+02, 2.22768842332949900E+00, 3.21338473965286400E+02, 1.83837611384092270E-01
3.22390000000000000E+02, 8.77464778369944600E-01, 3.21430213319530600E+02, 8.23219020994656600E-02
3.20370000000000000E+02, -1.10615029462046620E+00, 3.21509901572059700E+02, -3.37512774391939300E-02
3.18640000000000000E+02, -2.76590016292662980E+00, 3.21589589824588700E+02, -1.83689661662072000E-01
3.18100000000000000E+02, -3.06908100285200370E+00, 3.21651367019757800E+02, -4.82286016905789000E-01
3.19790000000000000E+02, -1.98364057339854780E+00, 3.21713144214926840E+02, 6.04963584717097550E-02
3.21080000000000000E+02, -9.65329704099061200E-01, 3.21763130008783400E+02, 2.82199695315682700E-01
3.22070000000000000E+02, -8.69333836483854600E-02, 3.21813115802639970E+02, 3.43817581008409000E-01
3.22500000000000000E+02, 5.35597729614034400E-01, 3.21861531229797900E+02, 1.02871040588070170E-01
3.23040000000000000E+02, 1.20644177532064070E+00, 3.21909946656955800E+02, -7.63884322764170000E-02
3.24420000000000000E+02, 2.34811521841181100E+00, 3.21968266627837100E+02, 1.03618153751085630E-01
3.25000000000000000E+02, 2.81238640551071130E+00, 3.22026586598718440E+02, 1.61026995770839680E-01
3.24090000000000000E+02, 2.23618201142006170E+00, 3.22089205067435400E+02, -2.35387078855467280E-01
3.22550000000000000E+02, 8.74668664881138600E-01, 3.22151823536152400E+02, -4.76492201033522630E-01
3.20920000000000000E+02, -1.12333229819963140E+00, 3.22216242974954070E+02, -1.72910676754440830E-01
3.19310000000000000E+02, -2.79332145961239140E+00, 3.22280662413755700E+02, -1.77340954143289760E-01
3.19310000000000000E+02, -3.08212617673366740E+00, 3.22352291773350430E+02, 3.98344033832245260E-02
3.20720000000000000E+02, -1.99255656516096940E+00, 3.22423921132945100E+02, 2.88635432215869500E-01
3.21960000000000000E+02, -9.65748667368838400E-01, 3.22512819802935550E+02, 4.12928864433240500E-01
3.22570000000000000E+02, -8.56093916353876000E-02, 3.22601718472926000E+02, 5.38909187093850050E-02
3.23150000000000000E+02, 5.40959348566476200E-01, 3.22693769029985450E+02, -8.47283785519721300E-02
3.23890000000000000E+02, 1.23153046829865790E+00, 3.22785819587044950E+02, -1.27350055343640630E-01
3.25020000000000000E+02, 2.36385067501628930E+00, 3.22862134020436800E+02, -2.05984695453139470E-01
3.25570000000000000E+02, 2.82623122908821630E+00, 3.22938448453828700E+02, -1.94679682916898860E-01
3.25360000000000000E+02, 2.24466046799916100E+00, 3.23024343992875600E+02, 9.09955391252879000E-02
3.24140000000000000E+02, 8.71860195173916800E-01, 3.23110239531922450E+02, 1.57900272903646060E-01
3.22030000000000000E+02, -1.14052498846881730E+00, 3.23227154449385600E+02, -5.66294609167812300E-02
3.20410000000000000E+02, -2.82075177345977760E+00, 3.23344069366848770E+02, -1.13317593388956080E-01
3.20250000000000000E+02, -3.09517878471036360E+00, 3.23477382535905750E+02, -1.32203751195390850E-01
3.21310000000000000E+02, -2.00147840795183100E+00, 3.23610695704962700E+02, -2.99217297010898160E-01
3.22840000000000000E+02, -9.66171770580085700E-01, 3.23749468770816000E+02, 5.67029997640702300E-02
3.24000000000000000E+02, -8.42878284768900100E-02, 3.23888241836669300E+02, 1.96045991807579870E-01
3.24420000000000000E+02, 5.46319613165650000E-01, 3.24035177435913170E+02, -1.61497049078775500E-01
3.25640000000000000E+02, 1.25661888142463950E+00, 3.24182113035157100E+02, 2.01268083418256080E-01
3.26660000000000000E+02, 2.37958603602332050E+00, 3.24320632480255540E+02, -4.02185162788555300E-02
3.27340000000000000E+02, 2.84007614132286170E+00, 3.24459151925354000E+02, 4.07719333231284500E-02
3.26760000000000000E+02, 2.25313897209923080E+00, 3.24573590624849770E+02, -6.67295969490169200E-02
3.25880000000000000E+02, 8.69051731851494600E-01, 3.24688029324345600E+02, 3.22918943802903870E-01
3.23670000000000000E+02, -1.15771767554560330E+00, 3.24791617156288800E+02, 3.61005192568200100E-02
3.22380000000000000E+02, -2.84818208730716460E+00, 3.24895204988232000E+02, 3.32977099075151300E-01
3.21780000000000000E+02, -3.10823119721657060E+00, 3.24987689039102300E+02, -9.94578418857372500E-02
3.22850000000000000E+02, -2.01039985980171400E+00, 3.25080173089972500E+02, -2.19773230170744680E-01
3.24110000000000000E+02, -9.66592600450708200E-01, 3.25151554919894600E+02, -7.49623194438413500E-02
3.25030000000000000E+02, -8.29621095781209500E-02, 3.25222936749816650E+02, -1.09974640238533540E-01
3.25990000000000000E+02, 5.51690599604544700E-01, 3.25293850606468770E+02, 1.44458793926673930E-01
3.26870000000000000E+02, 1.28172458248979160E+00, 3.25364764463120900E+02, 2.23510954389325900E-01
3.28130000000000000E+02, 2.39535222276080970E+00, 3.25452588015670130E+02, 2.82059761569030340E-01
3.28070000000000000E+02, 2.85396541707925340E+00, 3.25540411568219400E+02, -3.24376985298670200E-01
3.27660000000000000E+02, 2.26168001002982470E+00, 3.25627652193730200E+02, -2.29332203760009180E-01
3.26350000000000000E+02, 8.66323972668374900E-01, 3.25714892819241100E+02, -2.31216791909446330E-01
3.24690000000000000E+02, -1.17481337228305320E+00, 3.25775763643755170E+02, 8.90497285278684100E-02
3.23100000000000000E+02, -2.87549912461518130E+00, 3.25836634468269270E+02, 1.38864656345958800E-01
3.23160000000000000E+02, -3.12116262261257800E+00, 3.25877453729010770E+02, 4.03708893601844900E-01
3.23980000000000000E+02, -2.01919261397056760E+00, 3.25918272989752200E+02, 8.09196242183816100E-02
3.25130000000000000E+02, -9.66891122898203300E-01, 3.25965484115582500E+02, 1.31407007315658570E-01
3.26170000000000000E+02, -8.15204735141267400E-02, 3.26012695241412800E+02, 2.38825232101305570E-01
3.26680000000000000E+02, 5.57153791978711000E-01, 3.26058458107712570E+02, 6.43881003087472000E-02
3.27180000000000000E+02, 1.30486475560105300E+00, 3.26104220974012300E+02, -2.29085729613359500E-01
3.27780000000000000E+02, 2.41104142953754000E+00, 3.26152763394010100E+02, -7.83804823547654900E-01
3.28920000000000000E+02, 2.86667908796521100E+00, 3.26201305814007900E+02, -1.47984901973131850E-01
3.28570000000000000E+02, 2.26945410969260700E+00, 3.26269626751168060E+02, 3.09191391393142100E-02
3.27340000000000000E+02, 8.62234555096853900E-01, 3.26337947688328140E+02, 1.39817756574984740E-01
3.25460000000000000E+02, -1.19003743570761690E+00, 3.26423312036027140E+02, 2.26725399680447030E-01
3.23360000000000000E+02, -2.90079709853809500E+00, 3.26508676383726200E+02, -2.47879285188105300E-01
3.23570000000000000E+02, -3.13350718501981170E+00, 3.26599390447737600E+02, 1.04116737282197390E-01
3.24800000000000000E+02, -2.02809426367739180E+00, 3.26690104511749100E+02, 1.37989751928330400E-01
3.26010000000000000E+02, -9.66089201094609800E-01, 3.26763446845021300E+02, 2.12642356073331480E-01
3.26770000000000000E+02, -8.01436430547520800E-02, 3.26836789178293500E+02, 1.33544647612211520E-02
3.27630000000000000E+02, 5.63018439975090800E-01, 3.26917080171969360E+02, 1.49901388055525330E-01
3.27750000000000000E+02, 1.32772572290210560E+00, 3.26997371165645230E+02, -5.75096888547364000E-01
3.29720000000000000E+02, 2.42647780780774450E+00, 3.27111071916433600E+02, 1.82450275758640150E-01
3.30070000000000000E+02, 2.87916630764832650E+00, 3.27224772667221940E+02, -3.39389748702956240E-02
3.29090000000000000E+02, 2.27703583600321500E+00, 3.27369700660444500E+02, -5.56736496447740600E-01
3.28050000000000000E+02, 8.57986842023825800E-01, 3.27514628653667050E+02, -3.22615495690854460E-01
3.26320000000000000E+02, -1.20538705634380670E+00, 3.27687952898692740E+02, -1.62565842348954000E-01
3.24930000000000000E+02, -2.92618789138275400E+00, 3.27861277143718500E+02, -5.08925233572199400E-03
3.25060000000000000E+02, -3.14591999550125100E+00, 3.28058020010737000E+02, 1.47899984764251260E-01
3.26500000000000000E+02, -2.03703959061088020E+00, 3.28254762877755470E+02, 2.82276712855434650E-01
3.27550000000000000E+02, -9.65317112640558100E-01, 3.28472654532379400E+02, 4.26625802611511060E-02
3.28540000000000000E+02, -7.87828020677960700E-02, 3.28690546187003350E+02, -7.17633849355365800E-02
3.29560000000000000E+02, 5.68872988803729200E-01, 3.28911569266096300E+02, 7.95577450999758200E-02
3.30300000000000000E+02, 1.35058248134009330E+00, 3.29132592345189200E+02, -1.83174826529295840E-01
3.31500000000000000E+02, 2.44191179212655340E+00, 3.29317813772926000E+02, -2.59725565052576700E-01
3.32480000000000000E+02, 2.89165294829171370E+00, 3.29503035200662740E+02, 8.53118510455601600E-02
3.32070000000000000E+02, 2.28461726417101560E+00, 3.29630709937115740E+02, 1.54672798713249900E-01
3.30870000000000000E+02, 8.53739111704912900E-01, 3.29758384673568700E+02, 2.57876214726422860E-01
3.29310000000000000E+02, -1.22073668560293910E+00, 3.29846191124068870E+02, 6.84545561534093800E-01
3.27510000000000000E+02, -2.95157868422741250E+00, 3.29933997574569050E+02, 5.27581109658342500E-01
3.27180000000000000E+02, -3.15833197846658060E+00, 3.29990775188724570E+02, 3.47556789742043300E-01
3.28160000000000000E+02, -2.04598326251215030E+00, 3.30047552802880100E+02, 1.58430459632086240E-01
3.28640000000000000E+02, -9.64536044925562800E-01, 3.30064414076982250E+02, -4.59878032056678900E-01
3.29350000000000000E+02, -7.74056575911715300E-02, 3.30081275351084400E+02, -6.53869693493220400E-01
3.30710000000000000E+02, 5.74763391417309300E-01, 3.30080579934162300E+02, 5.46566744203573760E-02
3.31480000000000000E+02, 1.37349464385829600E+00, 3.30079884517240200E+02, 2.66208389015218930E-02
3.32650000000000000E+02, 2.45743141564996040E+00, 3.30101977216881000E+02, 9.05913674690168600E-02
3.33200000000000000E+02, 2.90425546326408400E+00, 3.30124069916521760E+02, 1.71674620214162130E-01
3.32160000000000000E+02, 2.29234606551360300E+00, 3.30181995100610660E+02, -3.14341166124222600E-01
3.31070000000000000E+02, 8.49670253406590300E-01, 3.30239920284699560E+02, -1.95905381061720620E-02
3.29120000000000000E+02, -1.23589178671030320E+00, 3.30303377590269750E+02, 5.25141964405406700E-02
3.27320000000000000E+02, -2.97675929278912530E+00, 3.30366834895839900E+02, -7.00756030507818700E-02
3.27280000000000000E+02, -3.17054360958005570E+00, 3.30427431623709600E+02, 2.31119858704573740E-02
3.28300000000000000E+02, -2.05473641499265700E+00, 3.30488028351579260E+02, -1.33291936586601880E-01
3.29580000000000000E+02, -9.63607136534407100E-01, 3.30561886054903940E+02, -1.82789183695604150E-02
3.30730000000000000E+02, -7.59233511829898600E-02, 3.30635743758228600E+02, 1.70179592954411870E-01
3.31460000000000000E+02, 5.80681352497958600E-01, 3.30720181968259900E+02, 1.59136679242124050E-01
3.31900000000000000E+02, 1.38791851615573660E+00, 3.30804620178291260E+02, -2.92538694447046050E-01
3.33170000000000000E+02, 2.47103835037407870E+00, 3.30892416103032100E+02, -1.93454453406161520E-01
3.33940000000000000E+02, 2.92100346177905120E+00, 3.30980212027772900E+02, 3.87845104480675200E-02
3.33450000000000000E+02, 2.30238416798869100E+00, 3.31070151166291570E+02, 7.74646657197308700E-02
3.31980000000000000E+02, 8.41344909602775300E-01, 3.31160090304810200E+02, -2.14352144129179580E-02
3.29950000000000000E+02, -1.24921660579787300E+00, 3.31262132720741100E+02, -6.29161149432206900E-02
3.28500000000000000E+02, -2.99669827643003650E+00, 3.31364175136672000E+02, 1.32523139758063730E-01
3.28350000000000000E+02, -3.17983421241465900E+00, 3.31465915690355300E+02, 6.39185220593958500E-02
3.29370000000000000E+02, -2.06291922836801870E+00, 3.31567656244038630E+02, -1.34737015670623350E-01
3.30580000000000000E+02, -9.62656752686786600E-01, 3.31646229597430200E+02, -1.03572844743439420E-01
3.31590000000000000E+02, -7.50913692513073500E-02, 3.31724802950821800E+02, -5.97115815705251400E-02
3.32750000000000000E+02, 5.85079832470817900E-01, 3.31784367360737200E+02, 3.80552806792024970E-01
3.33520000000000000E+02, 1.40186849960224280E+00, 3.31843931770652550E+02, 2.74199729745191700E-01
3.34640000000000000E+02, 2.48424289679644600E+00, 3.31894833828727770E+02, 2.60923274475771900E-01
3.34770000000000000E+02, 2.93742057254145060E+00, 3.31945735886802940E+02, -1.13156459344395440E-01
3.34000000000000000E+02, 2.31216234306712560E+00, 3.32002104715415950E+02, -3.14267058483096660E-01
3.33060000000000000E+02, 8.32830598758222100E-01, 3.32058473544029000E+02, 1.68695857212753700E-01
3.30680000000000000E+02, -1.26267593335270620E+00, 3.32136566228894800E+02, -1.93890295542132660E-01
3.28950000000000000E+02, -3.01671730996473640E+00, 3.32214658913760600E+02, -2.47941603795879930E-01
3.28750000000000000E+02, -3.18917426472070840E+00, 3.32343582849077300E+02, -4.04408584356588100E-01
3.30150000000000000E+02, -2.07112089079248500E+00, 3.32472506784394000E+02, -2.51385893601536740E-01
3.31620000000000000E+02, -9.61714470354209800E-01, 3.32645275798025640E+02, -6.35613276714366300E-02
3.32660000000000000E+02, -7.42567413006071000E-02, 3.32818044811657330E+02, -8.37880703567179800E-02
3.33130000000000000E+02, 5.89481233409967500E-01, 3.33006632330479200E+02, -4.66113563889166470E-01
3.34950000000000000E+02, 1.41582167896231240E+00, 3.33195219849301050E+02, 3.38958471736646060E-01
3.36130000000000000E+02, 2.49744939533058500E+00, 3.33388817776613100E+02, 2.43732828056295150E-01
3.36930000000000000E+02, 2.95383839161382900E+00, 3.33582415703925160E+02, 3.93745904461013650E-01
3.36160000000000000E+02, 2.32194088461109070E+00, 3.33762841408073000E+02, 7.52177073159714400E-02
3.34880000000000000E+02, 8.24316312534751500E-01, 3.33943267112220800E+02, 1.12416575244481010E-01
3.32560000000000000E+02, -1.27613524859699830E+00, 3.34099136986382230E+02, -2.63001737785259600E-01
3.31290000000000000E+02, -3.03673634349943630E+00, 3.34255006860543700E+02, 7.17294829557886300E-02
3.31270000000000000E+02, -3.19851448960389600E+00, 3.34386764018462150E+02, 8.17504711417314000E-02
3.32410000000000000E+02, -2.07932289837122600E+00, 3.34518521176380550E+02, -2.91982780092894250E-02
3.33600000000000000E+02, -9.60774657346890400E-01, 3.34649304501485630E+02, -8.85298441386908000E-02
3.34950000000000000E+02, -7.34267068461472700E-02, 3.34780087826590700E+02, 2.43338880255407730E-01
3.35250000000000000E+02, 5.93869905703932200E-01, 3.34906836247746500E+02, -2.50706153450437340E-01
3.36660000000000000E+02, 1.42975399452825220E+00, 3.35033584668902340E+02, 1.96661336569434300E-01
3.37690000000000000E+02, 2.51062189276841900E+00, 3.35143992341648240E+02, 3.53857655833280660E-02
3.38030000000000000E+02, 2.97020907228772830E+00, 3.35254400014394150E+02, -1.94609086681907680E-01
3.38010000000000000E+02, 2.33166580179051800E+00, 3.35358377940822950E+02, 3.19956257386536440E-01
3.36410000000000000E+02, 8.15741915980683400E-01, 3.35462355867251800E+02, 1.31902216767514350E-01
3.34410000000000000E+02, -1.28964392002232220E+00, 3.35571892122487040E+02, 1.27751797535324840E-01
3.32370000000000000E+02, -3.05679397906560270E+00, 3.35681428377722340E+02, -2.54634398656719440E-01
3.32410000000000000E+02, -3.20786678734075500E+00, 3.35789201896878800E+02, -1.71335109538006240E-01
3.33750000000000000E+02, -2.08751044962584500E+00, 3.35896975416035200E+02, -5.94649664093935800E-02
3.34900000000000000E+02, -9.59789282455489100E-01, 3.36004333949736300E+02, -1.44544667280797500E-01
3.36140000000000000E+02, -7.25200049476462500E-02, 3.36111692483437370E+02, 1.00827521510268530E-01
3.36690000000000000E+02, 5.98364116635908300E-01, 3.36230790221348460E+02, -1.39154337984393800E-01
3.38270000000000000E+02, 1.44538837878154270E+00, 3.36349887959259500E+02, 4.74723661958933000E-01
3.38960000000000000E+02, 2.52579092427701330E+00, 3.36485491521212740E+02, -5.12824454897895500E-02
3.39210000000000000E+02, 2.98811851553360900E+00, 3.36621095083166000E+02, -3.99213598699589060E-01
3.39260000000000000E+02, 2.34343706123003800E+00, 3.36761779604648200E+02, 1.54783334121759700E-01
3.37540000000000000E+02, 8.02968446694251400E-01, 3.36902464126130440E+02, -1.65432572824670400E-01
3.35750000000000000E+02, -1.31037641440744400E+00, 3.37051137058450650E+02, 9.23935595682223700E-03
3.33980000000000000E+02, -3.07959997318511400E+00, 3.37199809990770800E+02, -1.40210017585673090E-01
3.34190000000000000E+02, -3.21875808019894550E+00, 3.37363298251079870E+02, 4.54598291190677600E-02
3.35310000000000000E+02, -2.09324555373238170E+00, 3.37526786511388930E+02, -1.23540957656530280E-01
3.36810000000000000E+02, -9.58340691164069000E-01, 3.37699209379815160E+02, 6.91313113489400200E-02
3.37900000000000000E+02, -6.56232200309693600E-02, 3.37871632248241400E+02, 9.39909717895375300E-02
3.38340000000000000E+02, 6.04892448963753900E-01, 3.38042098793465700E+02, -3.06991242429489830E-01
3.40010000000000000E+02, 1.46078006741915050E+00, 3.38212565338690070E+02, 3.36654593890784800E-01
3.40930000000000000E+02, 2.54069830386083460E+00, 3.38376515575178130E+02, 1.27861209610387050E-02
3.41480000000000000E+02, 3.00574735054562700E+00, 3.38540465811666250E+02, -6.62131622118522500E-02
3.41330000000000000E+02, 2.35493101072886500E+00, 3.38687002770522840E+02, 2.88066218748269900E-01
3.39400000000000000E+02, 7.89920965760295400E-01, 3.38833539729379400E+02, -2.23460695139749530E-01
3.37700000000000000E+02, -1.33135969790352380E+00, 3.38972147106649460E+02, 5.92125912540382160E-02
3.36190000000000000E+02, -3.10263353387901800E+00, 3.39110754483919500E+02, 1.81879049959547960E-01
3.36150000000000000E+02, -3.22983823161483970E+00, 3.39241668850780000E+02, 1.38169380834824550E-01
3.37270000000000000E+02, -2.09913080837993400E+00, 3.39372583217640500E+02, -3.45240926060341740E-03
3.38320000000000000E+02, -9.57002869202502300E-01, 3.39485692313675800E+02, -2.08689444473350250E-01
3.39290000000000000E+02, -5.87978232329840760E-02, 3.39598801409711200E+02, -2.50003586478214860E-01
3.40550000000000000E+02, 6.11374518062157400E-01, 3.39686620910098840E+02, 2.52004571838995160E-01
3.41610000000000000E+02, 1.47615061771656530E+00, 3.39774440410486500E+02, 3.59408971796995050E-01
3.42530000000000000E+02, 2.55559371660450500E+00, 3.39860317175257930E+02, 1.14089108137534370E-01
3.43030000000000000E+02, 3.02337339021753640E+00, 3.39946193940029330E+02, 6.04326697530837000E-02
3.42540000000000000E+02, 2.36642353475455370E+00, 3.40048762463926000E+02, 1.24814001319464300E-01
3.40780000000000000E+02, 7.76873429220170900E-01, 3.40151330987822630E+02, -1.48204417042848040E-01
3.38440000000000000E+02, -1.35234300920268800E+00, 3.40261746249253860E+02, -4.69403240051178700E-01
3.36950000000000000E+02, -3.12566709457292150E+00, 3.40372161510685150E+02, -2.96494416112238900E-01
3.37080000000000000E+02, -3.24091811349698500E+00, 3.40493375795541400E+02, -1.72457682044409920E-01
3.38580000000000000E+02, -2.10501552395998550E+00, 3.40614590080397700E+02, 7.04254435622715400E-02
3.39880000000000000E+02, -9.55660713436421300E-01, 3.40748903903531500E+02, 8.67568099048980900E-02
3.40960000000000000E+02, -5.19642978934699200E-02, 3.40883217726665350E+02, 1.28746571228077760E-01
3.41730000000000000E+02, 6.17883969466386100E-01, 3.41009331903627400E+02, 1.02784126906215080E-01
3.42810000000000000E+02, 1.49156780408410230E+00, 3.41135446080589530E+02, 1.82986115326343680E-01
3.43970000000000000E+02, 2.57058569134094970E+00, 3.41233973498168300E+02, 1.65440810490736100E-01
3.44630000000000000E+02, 3.04114591780487200E+00, 3.41332500915747200E+02, 2.56353166447922830E-01
3.43790000000000000E+02, 2.37814753545534870E+00, 3.41407054347289800E+02, 4.79811725489298600E-03
3.42320000000000000E+02, 7.64142358114834600E-01, 3.41481607778832400E+02, 7.42498630527279600E-02
3.40090000000000000E+02, -1.37290243857151300E+00, 3.41550306856821200E+02, -8.74044182497186700E-02
3.38280000000000000E+02, -3.14816935684093500E+00, 3.41619005934809900E+02, -1.90836577968980240E-01
3.38290000000000000E+02, -3.25136807841128660E+00, 3.41710658010169200E+02, -1.69289931757873550E-01
3.39600000000000000E+02, -2.11017170403024320E+00, 3.41802310085528500E+02, -9.21383814982732500E-02
3.40900000000000000E+02, -9.53532826503125400E-01, 3.41941227381713130E+02, -8.76945552100210100E-02
3.41680000000000000E+02, -4.42878457293206300E-02, 3.42080144677897700E+02, -3.55856832168342400E-01
3.42900000000000000E+02, 6.25223399005430300E-01, 3.42256505261451200E+02, 1.82713395433324880E-02
3.43330000000000000E+02, 1.50523462526675660E+00, 3.42432865845004700E+02, -6.08100470271494900E-01
3.45250000000000000E+02, 2.58433060869315150E+00, 3.42619320513632600E+02, 4.63488776742337900E-02
3.46030000000000000E+02, 3.05058522784238100E+00, 3.42805775182260500E+02, 1.73639589897106820E-01
3.45630000000000000E+02, 2.38399332343211100E+00, 3.42991191135937700E+02, 2.54815540630204400E-01
3.44190000000000000E+02, 7.52338828933221900E-01, 3.43176607089614950E+02, 2.61054081451845830E-01
3.42270000000000000E+02, -1.39332602638971300E+00, 3.43345894011836830E+02, 3.17432014552878200E-01
3.40350000000000000E+02, -3.17047663297862670E+00, 3.43515180934058700E+02, 5.29569891995151900E-03
3.40380000000000000E+02, -3.26195772778905700E+00, 3.43652958376181100E+02, -1.10006483920415120E-02
3.41590000000000000E+02, -2.11237005213502240E+00, 3.43790735818303600E+02, -8.83657661685788300E-02
3.43050000000000000E+02, -9.44414181538228300E-01, 3.43904946916515660E+02, 8.94672650225629700E-02
3.44100000000000000E+02, -3.22484825035696740E-02, 3.44019158014727800E+02, 1.13090467775805340E-01
3.44790000000000000E+02, 6.35599264790072400E-01, 3.44127564561593660E+02, 2.68361736162887600E-02
3.45520000000000000E+02, 1.51786249981434880E+00, 3.44235971108459600E+02, -2.33833608273926070E-01
3.46840000000000000E+02, 2.59707583578059480E+00, 3.44346987576390460E+02, -1.04063412171058190E-01
3.47630000000000000E+02, 3.05906410398543560E+00, 3.44458004044321400E+02, 1.12931851693133470E-01
3.46970000000000000E+02, 2.38897693402728500E+00, 3.44574928647637700E+02, 6.09441833501023200E-03
3.45530000000000000E+02, 7.39771378882886100E-01, 3.44691853250954000E+02, 9.83753701630689600E-02
3.43550000000000000E+02, -1.41438894060714880E+00, 3.44820417580773800E+02, 1.43971359833358300E-01
3.41400000000000000E+02, -3.19329864104606730E+00, 3.44948981910593500E+02, -3.55683269547455440E-01
3.41670000000000000E+02, -3.27294567315988160E+00, 3.45080491540887460E+02, -1.37545867727567380E-01
3.43100000000000000E+02, -2.11485026029616340E+00, 3.45212001171181400E+02, 2.84908911481807100E-03
3.44700000000000000E+02, -9.35495333171002000E-01, 3.45335729519768300E+02, 2.99765813402700600E-01
3.45210000000000000E+02, -2.03268524167992020E-02, 3.45459457868355230E+02, -2.29131015938435200E-01
3.46160000000000000E+02, 6.45900234601748500E-01, 3.45584960999654200E+02, -7.08612342559149500E-02
3.47740000000000000E+02, 1.53045831555499000E+00, 3.45710464130953100E+02, 4.99077553491929400E-01
3.48330000000000000E+02, 2.60980297800088220E+00, 3.45834112181089840E+02, -1.13915159090709040E-01
3.49060000000000000E+02, 3.06753886920112870E+00, 3.45957760231226600E+02, 3.47008995722717400E-02
3.48380000000000000E+02, 2.39395843898212530E+00, 3.46064221040739650E+02, -7.81794797217685300E-02
3.46720000000000000E+02, 7.27203828479245500E-01, 3.46170681850252660E+02, -1.77885678731854570E-01
3.45020000000000000E+02, -1.43545190500123700E+00, 3.46258628957856800E+02, 1.96822947144426050E-01
3.43270000000000000E+02, -3.21612064911350750E+00, 3.46346576065460900E+02, 1.39544583652593700E-01
3.43130000000000000E+02, -3.28393241515874120E+00, 3.46436420282502800E+02, -2.24878673440684900E-02
3.44490000000000000E+02, -2.11732806171337400E+00, 3.46526264499544650E+02, 8.10635621687083600E-02
3.45880000000000000E+02, -9.26560060278542700E-01, 3.46633056473761900E+02, 1.73503586516631000E-01
3.46560000000000000E+02, -8.37478002349285900E-03, 3.46739848447979100E+02, -1.71473667955638120E-01
3.47280000000000000E+02, 6.56288032573366900E-01, 3.46860079289588160E+02, -2.36367322161527230E-01
3.48010000000000000E+02, 1.54319734530898000E+00, 3.46980310131197200E+02, -5.13507476506163100E-01
3.49770000000000000E+02, 2.62279790923636200E+00, 3.47110058373845050E+02, 3.71437169185924200E-02
3.50380000000000000E+02, 3.07640599843385900E+00, 3.47239806616492840E+02, 6.37873850732830800E-02
3.49930000000000000E+02, 2.39951482038760300E+00, 3.47379620344725250E+02, 1.50864834887158850E-01
3.48160000000000000E+02, 7.15393666959843000E-01, 3.47519434072957600E+02, -7.48277399174526200E-02
3.46080000000000000E+02, -1.45556323969188400E+00, 3.47655996382007970E+02, -1.20433142316073830E-01
3.45220000000000000E+02, -3.23779678665830370E+00, 3.47792558691058400E+02, 6.65238095599932000E-01
3.44510000000000000E+02, -3.29362213076768830E+00, 3.47923093335185800E+02, -1.19471204418118760E-01
3.45930000000000000E+02, -2.11835768087340350E+00, 3.48053627979313200E+02, -5.27029843976833940E-03
3.47220000000000000E+02, -9.16113399160969800E-01, 3.48187881380472160E+02, -5.17679813111726600E-02
3.48520000000000000E+02, 5.15188656285965600E-03, 3.48322134781631100E+02, 1.92713331805975940E-01
3.48730000000000000E+02, 6.68182804210536600E-01, 3.48470261540340200E+02, -4.08444344550673600E-01
3.49730000000000000E+02, 1.54586501120844640E+00, 3.48618388299049300E+02, -4.34253310257702200E-01
3.51310000000000000E+02, 2.62862139140581470E+00, 3.48778547094568900E+02, -9.71684859747483600E-02
3.52090000000000000E+02, 3.07391162563966570E+00, 3.48938705890088500E+02, 7.73824842718227000E-02
3.51530000000000000E+02, 2.39391006526049740E+00, 3.49118917161844250E+02, 1.71727728952078000E-02
3.50110000000000000E+02, 7.06150440731557400E-01, 3.49299128433599950E+02, 1.04721125668504560E-01
3.48080000000000000E+02, -1.46887404193915370E+00, 3.49498090060786100E+02, 5.07839811530175200E-02
3.46520000000000000E+02, -3.25007468714694900E+00, 3.49697051687972250E+02, 7.30229991746682600E-02
3.46590000000000000E+02, -3.29607133350589100E+00, 3.49895863965241100E+02, -9.79263173525168900E-03
3.47960000000000000E+02, -2.11402086463625500E+00, 3.50094676242510050E+02, -2.06553778738225450E-02
3.49160000000000000E+02, -9.02655992468433600E-01, 3.50287312710786200E+02, -2.24656718317703500E-01
3.50390000000000000E+02, 1.85804353997547400E-02, 3.50479949179062300E+02, -1.08529614462099740E-01
3.51640000000000000E+02, 6.81653893171092200E-01, 3.50680352068106700E+02, 2.77994038722226830E-01
3.52410000000000000E+02, 1.54715990374514440E+00, 3.50880754957151000E+02, -1.79148608960986170E-02
3.53690000000000000E+02, 2.63316493211007960E+00, 3.51083754425873500E+02, -2.69193579836155550E-02
3.54210000000000000E+02, 3.07023014327786340E+00, 3.51286753894595960E+02, -1.46984037873835400E-01
3.53720000000000000E+02, 2.38728236749109000E+00, 3.51477476430596250E+02, -1.44758798087309510E-01
3.52690000000000000E+02, 6.96048438786276000E-01, 3.51668198966596550E+02, 3.25752594617199500E-01
3.50400000000000000E+02, -1.48286541535407680E+00, 3.51833241388341300E+02, 4.96240270127259460E-02
3.48920000000000000E+02, -3.26285495425390470E+00, 3.51998283810086150E+02, 1.84571144167762200E-01
3.49130000000000000E+02, -3.29888530346300750E+00, 3.52141086851917500E+02, 2.87798451545484100E-01
3.50200000000000000E+02, -2.10991121621862470E+00, 3.52283889893748900E+02, 2.60213224697167800E-02
3.51410000000000000E+02, -8.89350475276678900E-01, 3.52407020052192900E+02, -1.07669576916180180E-01
3.52910000000000000E+02, 3.19323730546049460E-02, 3.52530150210636860E+02, 3.47917416308575870E-01
3.53270000000000000E+02, 6.95077558917118900E-01, 3.52636806826445200E+02, -6.18843853623047830E-02
3.53960000000000000E+02, 1.54843656103482960E+00, 3.52743463442253500E+02, -3.31900003288353700E-01
3.55640000000000000E+02, 2.63769812751356230E+00, 3.52845944034708340E+02, 1.56357837778102750E-01
3.55860000000000000E+02, 3.06654620556151070E+00, 3.52948424627163150E+02, -1.54970832724643510E-01
3.55370000000000000E+02, 2.38065340551537740E+00, 3.53056441210476350E+02, -6.70946159917207300E-02
3.53990000000000000E+02, 6.85946363782936000E-01, 3.53164457793789550E+02, 1.39595842427524990E-01
3.51810000000000000E+02, -1.49685682529802920E+00, 3.53280907933843400E+02, 2.59488914546182060E-02
3.50050000000000000E+02, -3.27563522136086000E+00, 3.53397358073897240E+02, -7.17228525363680100E-02
3.50250000000000000E+02, -3.30169909792331900E+00, 3.53506295486194200E+02, 4.54036117291707340E-02
3.51490000000000000E+02, -2.10580121680738300E+00, 3.53615232898491100E+02, -1.94316816837272200E-02
3.52850000000000000E+02, -8.76042913921422100E-01, 3.53706933100539000E+02, 1.91098133824425530E-02
3.53800000000000000E+02, 4.52880480428477400E-02, 3.53798633302586840E+02, -4.39213506296596300E-02
3.55040000000000000E+02, 7.08511782402929200E-01, 3.53889957599100060E+02, 4.41530618497040450E-01
3.55730000000000000E+02, 1.54973059647068930E+00, 3.53981281895613300E+02, 1.98987507916058350E-01
3.56320000000000000E+02, 2.64226480518869830E+00, 3.54087370358615200E+02, -4.09635163803898200E-01
3.57320000000000000E+02, 3.06291185424228950E+00, 3.54193458821617200E+02, 6.36293241404928300E-02
3.56340000000000000E+02, 2.37409702686625050E+00, 3.54300096611711100E+02, -3.34193638577403360E-01
3.54840000000000000E+02, 6.75939869035636200E-01, 3.54406734401805070E+02, -2.42674270840723240E-01
3.53010000000000000E+02, -1.51072919790204430E+00, 3.54519577787012400E+02, 1.15141088963355290E-03
3.51310000000000000E+02, -3.28827299404398140E+00, 3.54632421172219670E+02, -3.41481781756556300E-02
3.51620000000000000E+02, -3.30434909405324400E+00, 3.54775918278010200E+02, 1.48430816043060080E-01
3.53070000000000000E+02, -2.10150611515920300E+00, 3.54919415383800750E+02, 2.52090731358464400E-01
3.54330000000000000E+02, -8.62532680623707900E-01, 3.55060596238982600E+02, 1.31936441641073540E-01
3.54840000000000000E+02, 5.88639646790671300E-02, 3.55201777094164500E+02, -4.20641058843614250E-01
3.55730000000000000E+02, 7.22177829865781000E-01, 3.55300286327430060E+02, -2.92464157295796670E-01
3.57230000000000000E+02, 1.54936933676383950E+00, 3.55398795560695530E+02, 2.81835102540640040E-01
3.58660000000000000E+02, 2.64753590427285000E+00, 3.55468678738589000E+02, 5.43785357138176600E-01
3.59130000000000000E+02, 3.05732940839403430E+00, 3.55538561916482400E+02, 5.34108675123548000E-01
3.58130000000000000E+02, 2.36509300217443650E+00, 3.55609295169934340E+02, 1.55611827891220860E-01
3.56190000000000000E+02, 6.65800944449064000E-01, 3.55680028423386260E+02, -1.55829367835337960E-01
3.53850000000000000E+02, -1.52383436458434700E+00, 3.55748882306091400E+02, -3.75047941507034470E-01
3.52250000000000000E+02, -3.29506639437200380E+00, 3.55817736188796500E+02, -2.72669794424530200E-01
3.52350000000000000E+02, -3.30550624707923200E+00, 3.55879811372807470E+02, -2.24305125728221800E-01
3.53810000000000000E+02, -2.09835013511599260E+00, 3.55941886556818500E+02, -3.35364217024789500E-02
3.55120000000000000E+02, -8.52856833882647100E-01, 3.56022837004528240E+02, -4.99801706455969000E-02
3.56250000000000000E+02, 7.26690526500866900E-02, 3.56103787452237950E+02, 7.35434951119486900E-02
3.57110000000000000E+02, 7.35565718232311000E-01, 3.56189142906067600E+02, 1.85291375700103340E-01
3.57860000000000000E+02, 1.54913802447039900E+00, 3.56274498359897300E+02, 3.63636156323536850E-02
3.59090000000000000E+02, 2.65292431031834260E+00, 3.56336415982116800E+02, 1.00659707564830110E-01
3.59590000000000000E+02, 3.05185162905505260E+00, 3.56398333604336300E+02, 1.39814766608594700E-01
3.59330000000000000E+02, 2.35618407412819670E+00, 3.56438888160762900E+02, 5.34927765108932400E-01
3.57010000000000000E+02, 6.55747546644367300E-01, 3.56479442717189400E+02, -1.25190263833758300E-01
3.54940000000000000E+02, -1.53686348005595460E+00, 3.56509226653375200E+02, -3.23631733192542000E-02
3.52950000000000000E+02, -3.30179321906051240E+00, 3.56539010589561030E+02, -2.87217370500513900E-01
3.53320000000000000E+02, -3.30660811265886600E+00, 3.56568401520284570E+02, 5.82065923742902700E-02
3.54320000000000000E+02, -2.09515015581958860E+00, 3.56597792451008100E+02, -1.82642295188543360E-01
3.55570000000000000E+02, -8.43148974936416300E-01, 3.56635541549933700E+02, -2.22392574997286370E-01
3.57000000000000000E+02, 8.64941657782532000E-02, 3.56673290648859340E+02, 2.40215185362387730E-01
3.57310000000000000E+02, 7.48965911804511300E-01, 3.56732659656505630E+02, -1.71625568310162180E-01
3.58470000000000000E+02, 1.54891129743115200E+00, 3.56792028664151900E+02, 1.29060038416923820E-01
3.59270000000000000E+02, 2.65831520236014000E+00, 3.56870181849082660E+02, -2.58497051442816430E-01
3.60190000000000000E+02, 3.04637423645448700E+00, 3.56948335034013300E+02, 1.95290729532189300E-01
3.59520000000000000E+02, 2.34727534467028800E+00, 3.57046933383024570E+02, 1.25791272305150410E-01
3.57330000000000000E+02, 6.45694159277916400E-01, 3.57145531732035750E+02, -4.61225891313688400E-01
3.55640000000000000E+02, -1.54989259030843930E+00, 3.57267001961422000E+02, -7.71093711135790700E-02
3.54030000000000000E+02, -3.30852004374902050E+00, 3.57388472190808330E+02, -4.99521470593435900E-02
3.54120000000000000E+02, -3.30771040073322280E+00, 3.57528414865266650E+02, -1.00704464533407640E-01
3.55410000000000000E+02, -2.09195102151263070E+00, 3.57668357539725000E+02, -1.66406518212340870E-01
3.56910000000000000E+02, -8.33445898302134300E-01, 3.57814205807102670E+02, -7.07599088004826600E-02
3.58240000000000000E+02, 1.00310559271968080E-01, 3.57960054074480300E+02, 1.79635366247737240E-01
3.58920000000000000E+02, 7.62343855565015400E-01, 3.58111999136617900E+02, 4.56570078171125700E-02
3.59990000000000000E+02, 1.54864879040296400E+00, 3.58263944198755500E+02, 1.77407010841534430E-01
3.61230000000000000E+02, 2.66364153489971500E+00, 3.58419383016440240E+02, 1.46975448660043640E-01
3.61650000000000000E+02, 3.04080350483841600E+00, 3.58574821834125000E+02, 3.43746610365656100E-02
3.60810000000000000E+02, 2.33822754036491100E+00, 3.58731383337892800E+02, -2.59610878257717560E-01
3.59380000000000000E+02, 6.35455961232033900E-01, 3.58887944841660670E+02, -1.43400802892699630E-01
3.57460000000000000E+02, -1.56316221461205900E+00, 3.59045693359985200E+02, -2.25311453731364960E-02
3.55730000000000000E+02, -3.31554308586036670E+00, 3.59203441878309800E+02, -1.57898792449373100E-01
3.56070000000000000E+02, -3.30915947717764700E+00, 3.59375573410953340E+02, 3.58606622432944280E-03
3.57530000000000000E+02, -2.08914924652296950E+00, 3.59547704943596900E+02, 7.14443029260678500E-02
3.58980000000000000E+02, -8.24169683263448000E-01, 3.59730868570437200E+02, 7.33011128262433000E-02
3.59920000000000000E+02, 1.13670588891787600E-01, 3.59914032197277600E+02, -1.07702786169397770E-01
3.60860000000000000E+02, 7.75271119545672800E-01, 3.60091146769273340E+02, -6.41788881898719400E-03
3.61830000000000000E+02, 1.55240121784815720E+00, 3.60268261341269000E+02, 9.33744088280263900E-03
3.63300000000000000E+02, 2.66830704739988530E+00, 3.60434584635111040E+02, 1.97108317489096400E-01
3.63690000000000000E+02, 3.03705118984404400E+00, 3.60600907928953060E+02, 5.20408812029131700E-02
3.63190000000000000E+02, 2.33174951936013250E+00, 3.60763589833928730E+02, 9.46606467111337200E-02
3.61640000000000000E+02, 6.24964098498215500E-01, 3.60926271738904400E+02, 8.87641625973856200E-02
3.59120000000000000E+02, -1.57747482847637580E+00, 3.61093635593191550E+02, -3.96160764715148160E-01
3.58170000000000000E+02, -3.31915424121509740E+00, 3.61260999447478700E+02, 2.28154793736393900E-01
3.57990000000000000E+02, -3.31141142394891400E+00, 3.61413272762242970E+02, -1.11861338294033890E-01
3.59450000000000000E+02, -2.08962582387366070E+00, 3.61565546077007200E+02, -2.59202531335631650E-02
3.60680000000000000E+02, -8.20096357275147800E-01, 3.61713362806337840E+02, -2.13266449062700760E-01
3.62070000000000000E+02, 1.27394615650239520E-01, 3.61861179535668550E+02, 8.14258486811922900E-02
3.63240000000000000E+02, 7.87966379892513600E-01, 3.62010295852230570E+02, 4.41737767876929870E-01
3.64170000000000000E+02, 1.55653525338900820E+00, 3.62159412168792600E+02, 4.54052577818401900E-01
3.64570000000000000E+02, 2.67333942377129930E+00, 3.62292654933609240E+02, -3.95994357380573100E-01
3.65130000000000000E+02, 3.03365099449650270E+00, 3.62425897698425840E+02, -3.29548692922344340E-01
3.64920000000000000E+02, 2.32558611467633000E+00, 3.62531109139118770E+02, 6.33047462048921300E-02
3.63550000000000000E+02, 6.14749348759518700E-01, 3.62636320579811700E+02, 2.98930071428799240E-01
3.61380000000000000E+02, -1.59155832945717500E+00, 3.62720528420818500E+02, 2.51029908638713550E-01
3.59540000000000000E+02, -3.32258428379791450E+00, 3.62804736261825270E+02, 5.78480219726884600E-02
3.59580000000000000E+02, -3.31352598538227500E+00, 3.62891456410290000E+02, 2.06957509226413100E-03
3.60890000000000000E+02, -2.09000874332045460E+00, 3.62978176558754740E+02, 1.83218456572831200E-03
3.62240000000000000E+02, -8.15959061803587900E-01, 3.63058603908063000E+02, -2.64484625938621300E-03
3.63090000000000000E+02, 1.41152923471313140E-01, 3.63139031257371240E+02, -1.90184180842607020E-01
3.64030000000000000E+02, 8.00682233544202500E-01, 3.63213353387029430E+02, 1.59643794263502060E-02
3.64510000000000000E+02, 1.56067619447693380E+00, 3.63287675516687670E+02, -3.38351711164591500E-01
3.66350000000000000E+02, 2.67837553229668760E+00, 3.63391662061101200E+02, 2.79962406602123800E-01
3.66640000000000000E+02, 3.03025135790983500E+00, 3.63495648605514800E+02, 1.14100036575337070E-01
3.65590000000000000E+02, 2.31942299675168060E+00, 3.63645364661599560E+02, -3.74787658351237950E-01
3.64310000000000000E+02, 6.04534613778253700E-01, 3.63795080717684300E+02, -8.96153314625394200E-02
3.62250000000000000E+02, -1.60564182305925800E+00, 3.63981467446111760E+02, -1.25825623052492120E-01
3.60290000000000000E+02, -3.32601432638073100E+00, 3.64167854174539230E+02, -5.51839848158465400E-01
3.60820000000000000E+02, -3.31564012652941150E+00, 3.64389940253746830E+02, -2.54300127217447900E-01
3.62490000000000000E+02, -2.09039082219479950E+00, 3.64612026332954430E+02, -3.16355107595995800E-02
3.64380000000000000E+02, -8.11818541995085400E-01, 3.64882535939052050E+02, 3.09282602943028450E-01
3.65260000000000000E+02, 1.54916839393823720E-01, 3.65153045545149670E+02, -4.79623845434957700E-02
3.65980000000000000E+02, 8.13402066315656800E-01, 3.65454722780712130E+02, -2.88124847027745550E-01
3.67240000000000000E+02, 1.56481948570295340E+00, 3.65756400016274540E+02, -8.12195019775003900E-02
3.68660000000000000E+02, 2.68339401690797170E+00, 3.66046421220423200E+02, -6.98152373311700100E-02
3.69420000000000000E+02, 3.02681412335686370E+00, 3.66336442424571800E+02, 5.67434520713163700E-02
3.68990000000000000E+02, 2.31317457816975350E+00, 3.66594947172670700E+02, 8.18782491595584400E-02
3.67820000000000000E+02, 5.94186875448736700E-01, 3.66853451920769500E+02, 3.72361203781792940E-01
3.65950000000000000E+02, -1.61993517822121080E+00, 3.67082640779624700E+02, 4.87294398596532100E-01
3.64020000000000000E+02, -3.32973108873503500E+00, 3.67311829638479900E+02, 3.79014502551626700E-02
3.64400000000000000E+02, -3.31813154690828640E+00, 3.67486877302752300E+02, 2.31254244155934430E-01
3.65520000000000000E+02, -2.09124073976113230E+00, 3.67661924967024800E+02, -5.06842272636731650E-02
3.67130000000000000E+02, -8.08227169825524100E-01, 3.67784073247462800E+02, 1.54153922362695540E-01
3.68180000000000000E+02, 1.68050298730439300E-01, 3.67906221527900800E+02, 1.05728173368731860E-01
3.69070000000000000E+02, 8.25443850335694300E-01, 3.67996485459932500E+02, 2.48070689731775930E-01
3.69680000000000000E+02, 1.56382329473194130E+00, 3.68086749391964130E+02, 2.94273133039268940E-02
3.70990000000000000E+02, 2.68778888523481400E+00, 3.68167601237821430E+02, 1.34609876943784460E-01
3.70960000000000000E+02, 3.03640802236652600E+00, 3.68248453083678700E+02, -3.24861106045261750E-01
3.70300000000000000E+02, 2.30814560719666700E+00, 3.68325967104729000E+02, -3.34112711925627100E-01
3.69450000000000000E+02, 5.85619258442132400E-01, 3.68403481125779250E+02, 4.60899615778600950E-01
3.66900000000000000E+02, -1.63429262481041500E+00, 3.68478557783635000E+02, 5.57348411754219340E-02
3.64810000000000000E+02, -3.33288544961045250E+00, 3.68553634441490660E+02, -4.10748991880211630E-01
3.65370000000000000E+02, -3.32188719787592120E+00, 3.68624859934950500E+02, 6.70272629254213800E-02
3.66720000000000000E+02, -2.08902464785031700E+00, 3.68696085428410360E+02, 1.12939219439965650E-01
3.68100000000000000E+02, -8.04628031120372000E-01, 3.68770825258171400E+02, 1.33802772949024980E-01
3.69290000000000000E+02, 1.76149273446417070E-01, 3.68845565087932360E+02, 2.68285638621250650E-01
3.69540000000000000E+02, 8.28024694476114400E-01, 3.68945059899157300E+02, -2.33084593633407170E-01
3.70600000000000000E+02, 1.56345061249515900E+00, 3.69044554710382200E+02, -8.00532287735222800E-03
3.71810000000000000E+02, 2.69283227047888470E+00, 3.69177616111031340E+02, -6.04483815102412340E-02
3.71580000000000000E+02, 3.04667544647641300E+00, 3.69310677511680470E+02, -7.77352958156882300E-01
3.71700000000000000E+02, 2.30375469640711430E+00, 3.69454057923737100E+02, -5.78126201442046300E-02
3.69860000000000000E+02, 5.77654236702370000E-01, 3.69597438335793750E+02, -3.15092572496098460E-01
3.68130000000000000E+02, -1.64811985407307680E+00, 3.69753032086966870E+02, 2.50877671061857650E-02
3.67000000000000000E+02, -3.33558197109962730E+00, 3.69908625838140000E+02, 4.26956132959617200E-01
3.67030000000000000E+02, -3.32527049703802470E+00, 3.70065963192802300E+02, 2.89307304235705940E-01
3.68370000000000000E+02, -2.08652169171468140E+00, 3.70223300547464700E+02, 2.33221144249966980E-01
3.69670000000000000E+02, -8.00814338301273400E-01, 3.70360107626103300E+02, 1.10706712198009430E-01
3.70590000000000000E+02, 1.84390492165467350E-01, 3.70496914704741870E+02, -9.13051969073421800E-02
3.71510000000000000E+02, 8.30701163797832800E-01, 3.70608450594825200E+02, 7.08482413770070700E-02
3.72430000000000000E+02, 1.56312693661790060E+00, 3.70719986484908400E+02, 1.46886578473697680E-01
3.73370000000000000E+02, 2.69790428661842600E+00, 3.70831775925382660E+02, -1.59680212001092060E-01
3.73850000000000000E+02, 3.05695112601771900E+00, 3.70943565365856900E+02, -1.50516491874611800E-01
3.73210000000000000E+02, 2.29936803781538450E+00, 3.71076576401169630E+02, -1.65944438985036400E-01
3.71510000000000000E+02, 5.69689463926834600E-01, 3.71209587436482300E+02, -2.69276900409124660E-01
3.69610000000000000E+02, -1.66194695885362530E+00, 3.71358833681929500E+02, -8.68867230759065000E-02
3.68180000000000000E+02, -3.33827849258880200E+00, 3.71508079927376740E+02, 1.01985652120788470E-02
3.68450000000000000E+02, -3.32865372645917500E+00, 3.71667210555657000E+02, 1.11443170802147050E-01
3.69760000000000000E+02, -2.08401859609714000E+00, 3.71826341183937300E+02, 1.76774121598555200E-02
3.71240000000000000E+02, -7.97002778802790100E-01, 3.72003416303956300E+02, 3.35864748464587140E-02
3.72530000000000000E+02, 1.92627304761380800E-01, 3.72180491423975350E+02, 1.56881271263216600E-01
3.73200000000000000E+02, 8.33356117039390600E-01, 3.72371148664700850E+02, -4.50478174025192900E-03
3.74120000000000000E+02, 1.56276463470345780E+00, 3.72561805905426350E+02, -4.57054012980506700E-03
3.75020000000000000E+02, 2.70289375498950200E+00, 3.72759156095253730E+02, -4.42049850243222400E-01
3.75760000000000000E+02, 3.06710033605927860E+00, 3.72956506285081160E+02, -2.63606621140468200E-01
3.75520000000000000E+02, 2.29478787897791530E+00, 3.73163000758477440E+02, 6.22113625446445440E-02
3.74010000000000000E+02, 5.61464160159566700E-01, 3.73369495231873770E+02, 7.90406079666468000E-02
3.71850000000000000E+02, -1.67611354491855140E+00, 3.73581804178403900E+02, -5.56906334853124460E-02
3.70750000000000000E+02, -3.34139344565499960E+00, 3.73794113124934100E+02, 2.97280320720915370E-01
3.70550000000000000E+02, -3.33253176597351800E+00, 3.74010720156690000E+02, -1.28188390716502450E-01
3.72250000000000000E+02, -2.08208668908895960E+00, 3.74227327188446000E+02, 1.04759500642956030E-01
3.73790000000000000E+02, -7.93823381101792800E-01, 3.74445297843987400E+02, 1.38525537114389860E-01
3.74880000000000000E+02, 2.00170982371683880E-01, 3.74663268499528900E+02, 1.65605180994248260E-02
3.75640000000000000E+02, 8.35293893631431400E-01, 3.74878099418000830E+02, -7.33933116322873500E-02
3.76450000000000000E+02, 1.55978397368436040E+00, 3.75092930336472700E+02, -2.02714310157091400E-01
3.77730000000000000E+02, 2.71596130878389700E+00, 3.75301442620332070E+02, -2.87403929115953360E-01
3.78600000000000000E+02, 3.08451024477213900E+00, 3.75509954904191400E+02, 5.53485103648654300E-03
3.78280000000000000E+02, 2.29372624734596360E+00, 3.75707985190484070E+02, 2.78288562169962000E-01
3.76700000000000000E+02, 5.49664930290356000E-01, 3.75906015476776760E+02, 2.44319592932868100E-01
3.74380000000000000E+02, -1.69497146179027510E+00, 3.76097815758116300E+02, -2.28442963260704350E-02
3.73170000000000000E+02, -3.34937948648232050E+00, 3.76289616039455900E+02, 2.29763447026471100E-01
3.73140000000000000E+02, -3.33651021973296600E+00, 3.76466410281414650E+02, 1.00999383183193460E-02
3.74660000000000000E+02, -2.07605373401219300E+00, 3.76643204523373400E+02, 9.28492106388034700E-02
3.75990000000000000E+02, -7.89606154030692100E-01, 3.76778238702595840E+02, 1.36745143487360100E-03
3.77000000000000000E+02, 2.06235681797256460E-01, 3.76913272881818300E+02, -1.19508563615511320E-01
3.77870000000000000E+02, 8.33263338687522600E-01, 3.77020699209830200E+02, 1.60374514823047320E-02
3.78880000000000000E+02, 1.55703093508333400E+00, 3.77128125537842100E+02, 1.94843527074567650E-01
3.80350000000000000E+02, 2.72927151479678630E+00, 3.77235102834820500E+02, 3.85625650382735330E-01
3.80620000000000000E+02, 3.10217783550391560E+00, 3.77342080131799000E+02, 1.75742032697087320E-01
3.79690000000000000E+02, 2.29290297643962450E+00, 3.77459347875815750E+02, -6.22508522553744100E-02
3.77470000000000000E+02, 5.38084739853455300E-01, 3.77576615619832600E+02, -6.44700359685998600E-01
3.76010000000000000E+02, -1.71364464053328410E+00, 3.77713548939750070E+02, 1.00957007832107600E-02
3.74250000000000000E+02, -3.35721509048452260E+00, 3.77850482259667560E+02, -2.43267169183013720E-01
3.74460000000000000E+02, -3.34036992992832600E+00, 3.78019133852062170E+02, -2.18763922133859980E-01
3.76160000000000000E+02, -2.06993372863236850E+00, 3.78187785444456840E+02, 4.21482841755391750E-02
3.77510000000000000E+02, -7.85322849676468100E-01, 3.78401538505282530E+02, -1.06215655606092700E-01
3.78460000000000000E+02, 2.12345485486017750E-01, 3.78615291566108200E+02, -3.67637051594272200E-01
3.79730000000000000E+02, 8.31264172202081200E-01, 3.78847070970082900E+02, 5.16648577150817800E-02
3.80770000000000000E+02, 1.55429556913605320E+00, 3.79078850374057500E+02, 1.36854056806441800E-01
3.82290000000000000E+02, 2.74259219058418550E+00, 3.79296497570088200E+02, 2.50910239327652100E-01
3.82450000000000000E+02, 3.11984869313096660E+00, 3.79514144766118930E+02, -1.83993459249904840E-01
3.82220000000000000E+02, 2.29208139058883150E+00, 3.79721320839220900E+02, 2.06597770190342100E-01
3.80740000000000000E+02, 5.26504652632371900E-01, 3.79928496912322800E+02, 2.84998435044826700E-01
3.78740000000000000E+02, -1.73231776766838470E+00, 3.80124503952670600E+02, 3.47813814997834900E-01
3.76700000000000000E+02, -3.36505069448672420E+00, 3.80320510993018330E+02, -2.55460298531602350E-01
3.77000000000000000E+02, -3.34422960565617000E+00, 3.80503164028050900E+02, -1.58934422394736430E-01
3.78350000000000000E+02, -2.06381365431751360E+00, 3.80685817063083450E+02, -2.72003408765897350E-01
3.80110000000000000E+02, -7.81039771576228200E-01, 3.80856965876255600E+02, 3.40738953206596300E-02
3.81380000000000000E+02, 2.18454767731780550E-01, 3.81028114689427750E+02, 1.33430542840471840E-01
3.82190000000000000E+02, 8.29261104559510600E-01, 3.81193644727804300E+02, 1.67094167636150810E-01
3.82670000000000000E+02, 1.55155292231751290E+00, 3.81359174766180900E+02, -2.40727688498395760E-01
3.84610000000000000E+02, 2.75589590349854950E+00, 3.81520061702407800E+02, 3.34042394093671650E-01
3.85030000000000000E+02, 3.13749290588320700E+00, 3.81680948638634700E+02, 2.11558455482077080E-01
3.84050000000000000E+02, 2.29121705589142840E+00, 3.81824059907471960E+02, -6.52769633633738500E-02
3.82460000000000000E+02, 5.14865712592877600E-01, 3.81967171176309250E+02, -2.20368889021642640E-02
3.80410000000000000E+02, -1.75106982589998880E+00, 3.82103859357960800E+02, 5.72104679392282400E-02
3.78850000000000000E+02, -3.37298530786352200E+00, 3.82240547539612350E+02, -1.75622317487977850E-02
3.79130000000000000E+02, -3.34820764756983200E+00, 3.82386998456522860E+02, 9.12091910469712300E-02
3.80150000000000000E+02, -2.05783130299969700E+00, 3.82533449373433400E+02, -3.25618070433733900E-01
3.81820000000000000E+02, -7.76909781263301500E-01, 3.82689921840819240E+02, -9.30120595559174000E-02
3.82890000000000000E+02, 2.24395597399955150E-01, 3.82846394308205000E+02, -1.80789905604967770E-01
3.83900000000000000E+02, 8.27082990371407600E-01, 3.83012176283540100E+02, 6.07407260884542700E-02
3.84580000000000000E+02, 1.54807652828266900E+00, 3.83177958258875200E+02, -1.46034787157873320E-01
3.86500000000000000E+02, 2.77048896512478600E+00, 3.83353640392970930E+02, 3.75870641904271000E-01
3.86560000000000000E+02, 3.15750069033779020E+00, 3.83529322527066650E+02, -1.26823217404421480E-01
3.86100000000000000E+02, 2.29122878441091100E+00, 3.83712856283268930E+02, 9.59149323201700100E-02
3.84500000000000000E+02, 5.02423769603013900E-01, 3.83896390039471270E+02, 1.01186190925716350E-01
3.81990000000000000E+02, -1.77083344956050800E+00, 3.84055131851695140E+02, -2.94298402134643300E-01
3.80960000000000000E+02, -3.38093240126102670E+00, 3.84213873663919060E+02, 1.27058737341940300E-01
3.81120000000000000E+02, -3.35235194834549600E+00, 3.84342819221225740E+02, 1.29532727119737960E-01
3.82450000000000000E+02, -2.05194595235883750E+00, 3.84471764778532400E+02, 3.01811738264063930E-02
3.83950000000000000E+02, -7.73837425595956500E-01, 3.84605722808192900E+02, 1.18114617403023200E-01
3.85520000000000000E+02, 2.30400300255997500E-01, 3.84739680837853500E+02, 5.49918861890489600E-01
3.85820000000000000E+02, 8.24908262468047600E-01, 3.84895409308386100E+02, 9.96824291458438000E-02
3.86030000000000000E+02, 1.54465005466852200E+00, 3.85051137778918640E+02, -5.65787833587194200E-01
3.87210000000000000E+02, 2.78513458425295070E+00, 3.85208265405437660E+02, -7.83399989690622100E-01
3.88540000000000000E+02, 3.17756366937553340E+00, 3.85365393031956670E+02, -2.95670133220937700E-03
3.87760000000000000E+02, 2.29129115956000630E+00, 3.85519673589772540E+02, -5.09647493325360300E-02
3.86360000000000000E+02, 4.90027925289216700E-01, 3.85673954147588460E+02, 1.96017927122341000E-01
3.84090000000000000E+02, -1.79055953945793480E+00, 3.85843344750684500E+02, 3.72147887734399800E-02
3.83180000000000000E+02, -3.38885052580841250E+00, 3.86012735353780500E+02, 5.56115172027944000E-01
3.82990000000000000E+02, -3.35647505564749250E+00, 3.86182467280717800E+02, 1.64007774929700640E-01
3.84190000000000000E+02, -2.04604718362076050E+00, 3.86352199207655130E+02, -1.16152024034363420E-01
3.85560000000000000E+02, -7.70756094499958300E-01, 3.86494346869508600E+02, -1.63590775008628950E-01
3.86940000000000000E+02, 2.36409535872129300E-01, 3.86636494531362000E+02, 6.70959327658238200E-02
3.87480000000000000E+02, 8.22736226428311600E-01, 3.86775201818546750E+02, -1.17938044975062440E-01
3.88820000000000000E+02, 1.54122443202153360E+00, 3.86913909105731400E+02, 3.64866462247050550E-01
3.89550000000000000E+02, 2.79978065105664100E+00, 3.87058639233784800E+02, -3.08419884841441670E-01
3.90140000000000000E+02, 3.19762669279716770E+00, 3.87203369361838200E+02, -2.60996054635370460E-01
3.89480000000000000E+02, 2.29135355733373800E+00, 3.87360539453102100E+02, -1.71893010435837820E-01
3.88030000000000000E+02, 4.77632081840798000E-01, 3.87517709544365900E+02, 3.46583737932633100E-02
3.86110000000000000E+02, -1.81028562892267250E+00, 3.87706916559679500E+02, 2.13369069243185550E-01
3.84740000000000000E+02, -3.39676865035579900E+00, 3.87896123574993060E+02, 2.40645075362749600E-01
3.84430000000000000E+02, -3.36059817987526500E+00, 3.88117392068546170E+02, -3.26793888670920300E-01
3.86020000000000000E+02, -2.04014844873423500E+00, 3.88338660562099300E+02, -2.78512113365081860E-01
3.87420000000000000E+02, -7.67675251597716400E-01, 3.88558187896595200E+02, -3.70512644997461400E-01
3.88710000000000000E+02, 2.42417828952300270E-01, 3.88777715231091070E+02, -3.10133060043369800E-01
3.90200000000000000E+02, 8.20560277825255800E-01, 3.88984153376338500E+02, 3.95286345836211700E-01
3.91170000000000000E+02, 1.53779192678386710E+00, 3.89190591521585930E+02, 4.41616551630204400E-01
3.92460000000000000E+02, 2.81441208243512580E+00, 3.89399875388366350E+02, 2.45712529198499400E-01
3.93000000000000000E+02, 3.21766732795906970E+00, 3.89609159255146800E+02, 1.73173416894144340E-01
3.92150000000000000E+02, 2.29138135924718100E+00, 3.89802482649566970E+02, 5.61359911858403400E-02
3.90200000000000000E+02, 4.65189434931536400E-01, 3.89995806043987200E+02, -2.60995478918744100E-01
3.88350000000000000E+02, -1.83007292638300470E+00, 3.90145543003380340E+02, 3.45299230027080740E-02
3.86850000000000000E+02, -3.40476238743353130E+00, 3.90295279962773460E+02, -4.05175753398907550E-02
3.87240000000000000E+02, -3.36480973353211170E+00, 3.90410255466222700E+02, 1.94554267309456460E-01
3.88670000000000000E+02, -2.03435096017551300E+00, 3.90525230969671950E+02, 1.79119990503579630E-01
3.89790000000000000E+02, -7.64703688880394600E-01, 3.90651113390993700E+02, -9.64097021133056800E-02
3.91330000000000000E+02, 2.48308807990434060E-01, 3.90776995812315400E+02, 3.04695379694123860E-01
3.91860000000000000E+02, 8.18267459387949500E-01, 3.90927352291390200E+02, 1.14380249221881060E-01
3.92600000000000000E+02, 1.53438757353272800E+00, 3.91077708770465050E+02, -1.20963439977686000E-02
3.93250000000000000E+02, 2.82919015861883860E+00, 3.91235431746390130E+02, -8.14621905008948500E-01
3.94190000000000000E+02, 3.24013466281582000E+00, 3.91393154722315200E+02, -4.43289385131038200E-01
3.93730000000000000E+02, 2.29165478661768640E+00, 3.91557560339125100E+02, -1.19215125742755390E-01
3.92510000000000000E+02, 4.52402744965509700E-01, 3.91721965955934930E+02, 3.35631299099532040E-01
3.90130000000000000E+02, -1.85061346467442920E+00, 3.91901972822242440E+02, 7.86406424319920900E-02
3.89080000000000000E+02, -3.41316751265127170E+00, 3.92081979688549900E+02, 4.11187824101375550E-01
3.89000000000000000E+02, -3.36912429976871630E+00, 3.92272421629250800E+02, 9.67026705179137000E-02
3.90280000000000000E+02, -2.02834219291772170E+00, 3.92462863569951700E+02, -1.54521377034029680E-01
3.91860000000000000E+02, -7.62359525032061100E-01, 3.92637548959316060E+02, -1.51894342839682400E-02
3.93120000000000000E+02, 2.54052663675508800E-01, 3.92812234348680400E+02, 5.37129876440758400E-02
3.93860000000000000E+02, 8.15441943055321800E-01, 3.92982593016775200E+02, 6.19650401695253100E-02
3.94400000000000000E+02, 1.53108325850878610E+00, 3.93152951684869950E+02, -2.84034943378742350E-01
3.96180000000000000E+02, 2.84406503197855940E+00, 3.93342201218802400E+02, -6.26625078098186350E-03
3.96740000000000000E+02, 3.26269555379738650E+00, 3.93531450752734800E+02, -5.41463065322318500E-02
3.95710000000000000E+02, 2.29201171945981350E+00, 3.93743127685041940E+02, -3.25139404501783250E-01
3.94360000000000000E+02, 4.39689509817909700E-01, 3.93954804617349000E+02, -3.44941271669085840E-02
3.92390000000000000E+02, -1.87109327850524560E+00, 3.94183674569273300E+02, 7.74187092319493800E-02
3.91110000000000000E+02, -3.42152464376622200E+00, 3.94412544521197700E+02, 1.18980122568586920E-01
3.91050000000000000E+02, -3.37340206408810860E+00, 3.94648111595882650E+02, -2.24709531794530900E-01
3.92980000000000000E+02, -2.02230781592829660E+00, 3.94883678670567630E+02, 1.18629145360671370E-01
3.94340000000000000E+02, -7.59997035428918400E-01, 3.95119567746251800E+02, -1.95707108229044020E-02
3.95550000000000000E+02, 2.59807561138568000E-01, 3.95355456821935950E+02, -6.52643830745205400E-02
3.96800000000000000E+02, 8.12623631218449000E-01, 3.95583249947156560E+02, 4.04126421624994240E-01
3.97430000000000000E+02, 1.52778231069836970E+00, 3.95811043072377100E+02, 9.11746169245475400E-02
3.98410000000000000E+02, 2.85894184594248800E+00, 3.96020518069486340E+02, -4.69459915428785730E-01
3.99780000000000000E+02, 3.28525695877384340E+00, 3.96229993066595600E+02, 2.64749974630490200E-01
3.98610000000000000E+02, 2.29236891710550200E+00, 3.96416976680205150E+02, -9.93455973106165400E-02
3.97320000000000000E+02, 4.26976290282541700E-01, 3.96603960293814600E+02, 2.89063415902830900E-01
3.95200000000000000E+02, -1.89157308452994590E+00, 3.96778368576283100E+02, 3.13204508246826660E-01
3.93450000000000000E+02, -3.42988177488117200E+00, 3.96952776858751600E+02, -7.28950838704349700E-02
3.93700000000000000E+02, -3.37767986390878860E+00, 3.97135742839605000E+02, -5.80629756962025600E-02
3.95160000000000000E+02, -2.01627350994144600E+00, 3.97318708820458400E+02, -1.42435310516930260E-01
3.96840000000000000E+02, -7.57635394781054300E-01, 3.97501766222882340E+02, 9.58691718986983700E-02
3.97850000000000000E+02, 2.65560831693644360E-01, 3.97684823625306300E+02, -1.00384456999904610E-01
3.98010000000000000E+02, 8.09799479415549400E-01, 3.97860870884332700E+02, -6.60670363748295100E-01
3.99770000000000000E+02, 1.52447130986388220E+00, 3.98036918143359100E+02, 2.08610546776981200E-01
4.01380000000000000E+02, 2.87379855845696630E+00, 3.98216554808136830E+02, 2.89646633406221100E-01
4.01780000000000000E+02, 3.30778821387547300E+00, 3.98396191472914600E+02, 7.60203132098809000E-02
4.01250000000000000E+02, 2.29268126739867600E+00, 3.98574395592445500E+02, 3.82923140155810400E-01
3.99100000000000000E+02, 4.14203525916971900E-01, 3.98752599711976360E+02, -6.68032378932821300E-02
3.97030000000000000E+02, -1.91212861024782430E+00, 3.98917906324804000E+02, 2.42222854437841300E-02
3.95380000000000000E+02, -3.43833080055227700E+00, 3.99083212937631630E+02, -2.64882137079382600E-01
3.96030000000000000E+02, -3.38206345257985200E+00, 3.99238902495585650E+02, 1.73160956994195200E-01
3.97280000000000000E+02, -2.01035888709920750E+00, 3.99394592053539700E+02, -1.04233166440565130E-01
3.98910000000000000E+02, -7.55401731003704400E-01, 3.99557706760090500E+02, 1.07694970913200900E-01
3.99980000000000000E+02, 2.71177831652305250E-01, 3.99720821466641300E+02, -1.19992982936310000E-02
4.00280000000000000E+02, 8.06840693280459500E-01, 3.99896333902003800E+02, -4.23174595284251600E-01
4.01540000000000000E+02, 1.52126312917633370E+00, 4.00071846337366200E+02, -5.31094665425371200E-02
4.03280000000000000E+02, 2.88958004132115450E+00, 4.00271822124139930E+02, 1.18597834538888950E-01
4.03960000000000000E+02, 3.33241007255502450E+00, 4.00471797910913600E+02, 1.55792016531336230E-01
4.02800000000000000E+02, 2.29336230076559740E+00, 4.00705752063061500E+02, -1.99114363827050060E-01
4.01310000000000000E+02, 4.00959587177553870E-01, 4.00939706215209360E+02, -3.06658023869204040E-02
3.98930000000000000E+02, -1.93360073307449100E+00, 4.01212032621267670E+02, -3.48431888193147200E-01
3.97630000000000000E+02, -3.44813243915038470E+00, 4.01484359027325900E+02, -4.06226588175513800E-01
3.98290000000000000E+02, -3.38650733324746240E+00, 4.01794870209759550E+02, -1.18362876512094320E-01
4.00160000000000000E+02, -2.00377356652484240E+00, 4.02105381392193240E+02, 5.83921743316295760E-02
4.01850000000000000E+02, -7.53038198879326900E-01, 4.02426004790073530E+02, 1.77033408805812100E-01
4.02520000000000000E+02, 2.76486215812611960E-01, 4.02746628187953800E+02, -5.03114403766403500E-01
4.04040000000000000E+02, 8.02963935831864800E-01, 4.03042093440489570E+02, 1.94942623678571180E-01
4.04830000000000000E+02, 1.51815436816194270E+00, 4.03337558693025400E+02, -2.57130611873890300E-02
4.07420000000000000E+02, 2.90545085639231760E+00, 4.03606284271278700E+02, 9.08264872329027600E-01
4.07700000000000000E+02, 3.35711117597536730E+00, 4.03875009849531900E+02, 4.67878974492691670E-01
4.06810000000000000E+02, 2.29410203537935200E+00, 4.04102747622135040E+02, 4.13150342485607800E-01
4.04390000000000000E+02, 3.87753806191010960E-01, 4.04330485394738160E+02, -3.28239200929203900E-01
4.02250000000000000E+02, -1.95505785690067270E+00, 4.04548862884144460E+02, -3.43805027243774930E-01
4.01030000000000000E+02, -3.45794223750039800E+00, 4.04767240373550800E+02, -2.79298136050442740E-01
4.01570000000000000E+02, -3.39097962000628070E+00, 4.04978765136060360E+02, -1.77855160540616450E-02
4.03530000000000000E+02, -1.99723689838098760E+00, 4.05190289898570000E+02, 3.36946999811004840E-01
4.04480000000000000E+02, -7.50738179675958200E-01, 4.05398816148155330E+02, -1.68077968479337870E-01
4.06130000000000000E+02, 2.81716226561411400E-01, 4.05607342397740700E+02, 2.40941375697900640E-01
4.06420000000000000E+02, 7.99001772257339000E-01, 4.05814738087357340E+02, -1.93739859614652230E-01
