   0.3157100000000000E+03,  0.9793131379917898E+00,  0.3149187822424889E+03, -0.1880953804807177E+00
   0.3174500000000000E+03,  0.2211240394363193E+01,  0.3149992235224021E+03,  0.2395360832346682E+00
   0.3175000000000000E+03,  0.2694787057502577E+01,  0.3150796648023153E+03, -0.2744518598179297E+00
   0.3171000000000000E+03,  0.2175341637453936E+01,  0.3151554357936946E+03, -0.2307774311484536E+00
   0.3158600000000000E+03,  0.8948074236992879E+00,  0.3152312067850738E+03, -0.2660142087730719E+00
   0.3149300000000000E+03, -0.9751011470394969E+00,  0.3153032043405792E+03,  0.6018968064602745E+00
   0.3132000000000000E+03, -0.2548854939611788E+01,  0.3153752018960847E+03,  0.3736530435270993E+00
   0.3126600000000000E+03, -0.2973723506483190E+01,  0.3154471615250486E+03,  0.1865619814345791E+00
   0.3133300000000000E+03, -0.1912604388948745E+01,  0.3155191211540126E+03, -0.2765167650638318E+00
   0.3146700000000000E+03, -0.9579137180842567E+00,  0.3155756259311448E+03,  0.5228778693947334E-01
   0.3156200000000000E+03, -0.9564892374095701E-01,  0.3156321307082771E+03,  0.8351821546381188E-01
   0.3163800000000000E+03,  0.4864993727093047E+00,  0.3156700431802037E+03,  0.2234574470869575E+00
   0.3167100000000000E+03,  0.1004452277053898E+01,  0.3157079556521303E+03, -0.2407929184187196E-02
   0.3177200000000000E+03,  0.2226205333959905E+01,  0.3157669918856640E+03, -0.2731972196239099E+00
   0.3182900000000000E+03,  0.2707179274114497E+01,  0.3158260281191978E+03, -0.2432073933122183E+00
   0.3181500000000000E+03,  0.2180985853163832E+01,  0.3159052295375337E+03,  0.6378460930244501E-01
   0.3165400000000000E+03,  0.8928860323891455E+00,  0.3159844309558697E+03, -0.3373169882588058E+00
   0.3148000000000000E+03, -0.9912876235038122E+00,  0.3160662926788340E+03, -0.2750050553301548E+00
   0.3138400000000000E+03, -0.2575874415278336E+01,  0.3161481544017983E+03,  0.2677200134800728E+00
   0.3132600000000000E+03, -0.2985380618914505E+01,  0.3162515766972764E+03, -0.6196078361881519E-02
   0.3148000000000000E+03, -0.1921306885473124E+01,  0.3163549989927546E+03,  0.3663078927185666E+00
   0.3155800000000000E+03, -0.9587502311391949E+00,  0.3164721473009308E+03,  0.6660293020837571E-01
   0.3164300000000000E+03, -0.9442709975671160E-01,  0.3165892956091071E+03, -0.6486850935039001E-01
   0.3169700000000000E+03,  0.4931097303519641E+00,  0.3166794467380054E+03, -0.2025564683573293E+00
   0.3175800000000000E+03,  0.1029638890339505E+01,  0.3167695978669036E+03, -0.2192367572430953E+00
   0.3190200000000000E+03,  0.2241216276356620E+01,  0.3168208350067666E+03, -0.4205128312327133E-01
   0.3200300000000000E+03,  0.2719616022102926E+01,  0.3168720721466297E+03,  0.4383118312673560E+00
   0.3195900000000000E+03,  0.2186671092068124E+01,  0.3169134467179027E+03,  0.4898821900291068E+00
   0.3181800000000000E+03,  0.8910021560912860E+00,  0.3169548212891758E+03,  0.3341765547328919E+00
   0.3159100000000000E+03, -0.1007440837860140E+01,  0.3169981989881405E+03, -0.8075815028036004E-01
   0.3141600000000000E+03, -0.2602864881741193E+01,  0.3170415766871052E+03, -0.2787118053640256E+00
   0.3138300000000000E+03, -0.2997014470814058E+01,  0.3170789648405083E+03, -0.2519503696942706E+00
   0.3150000000000000E+03, -0.1929991870137673E+01,  0.3171163529939113E+03, -0.1863611237736791E+00
   0.3161900000000000E+03, -0.9595739025535042E+00,  0.3171590898270241E+03, -0.9515924470576920E-02
   0.3169300000000000E+03, -0.9319710435103833E-01,  0.3172018266601368E+03, -0.1786295557857898E+00
   0.3177000000000000E+03,  0.4997254771415932E+00,  0.3172700826667621E+03, -0.6980814390362866E-01
   0.3185400000000000E+03,  0.1054828110497623E+01,  0.3173383386733873E+03,  0.1468332161150556E+00
   0.3194800000000000E+03,  0.2256228733255729E+01,  0.3174272228349350E+03, -0.2034515681907578E+00
   0.3205800000000000E+03,  0.2732053192223631E+01,  0.3175161069964827E+03,  0.3318398112936052E+00
   0.3197700000000000E+03,  0.2192356548476502E+01,  0.3176013922341381E+03, -0.2374878261457525E-01
   0.3185700000000000E+03,  0.8891182926693225E+00,  0.3176866774717934E+03, -0.5795764462675379E-02
   0.3167900000000000E+03, -0.1023594045778520E+01,  0.3177665115440419E+03,  0.4708250173661099E-01
   0.3148000000000000E+03, -0.2629855348204050E+01,  0.3178463456162905E+03, -0.4164902680864202E+00
   0.3153800000000000E+03, -0.3008648350482245E+01,  0.3179191093692341E+03,  0.4695389812481494E+00
   0.3161000000000000E+03, -0.1938676910339487E+01,  0.3179918731221777E+03,  0.4680378816186703E-01
   0.3170100000000000E+03, -0.9603981006744082E+00,  0.3180610916411538E+03, -0.9069354047943534E-01
   0.3179400000000000E+03, -0.9196810682128988E-01,  0.3181303101601300E+03, -0.9834205330872692E-01
   0.3185600000000000E+03,  0.5063374309332872E+00,  0.3181986098531539E+03, -0.1449472840872090E+00
   0.3196800000000000E+03,  0.1080010742535795E+01,  0.3182669095461779E+03,  0.3330797112863024E+00
   0.3206300000000000E+03,  0.2271226863574516E+01,  0.3183262345641224E+03,  0.3253857230311041E-01
   0.3210100000000000E+03,  0.2744468297303639E+01,  0.3183855595820669E+03, -0.1200278793705820E+00
   0.3205500000000000E+03,  0.2198006766549309E+01,  0.3184366940823036E+03, -0.8470084885288998E-01
   0.3195800000000000E+03,  0.8871860176169150E+00,  0.3184878285825403E+03,  0.2049853998428262E+00
   0.3174000000000000E+03, -0.1039812370568637E+01,  0.3185328960563769E+03, -0.9308368580826709E-01
   0.3162600000000000E+03, -0.2656927636779938E+01,  0.3185779635302135E+03,  0.3389641065664364E+00
   0.3154200000000000E+03, -0.3020380668508544E+01,  0.3186314413398759E+03, -0.1910606713673815E+00
   0.3166900000000000E+03, -0.1947477005144495E+01,  0.3186849191495384E+03, -0.4744214439392636E-01
   0.3176900000000000E+03, -0.9613501179373054E+00,  0.3187415515322510E+03, -0.9020141431369666E-01
   0.3187400000000000E+03, -0.9087969297233335E-01,  0.3187981839149635E+03,  0.3269577800881507E-01
   0.3190800000000000E+03,  0.5128038414622019E+00,  0.3188371832871341E+03, -0.2699871285962558E+00
   0.3198600000000000E+03,  0.1105285012675069E+01,  0.3188761826593046E+03, -0.1214676719797012E+00
   0.3213900000000000E+03,  0.2286454972453442E+01,  0.3189101849814782E+03,  0.1933600460683351E+00
   0.3222500000000000E+03,  0.2757927701914909E+01,  0.3189441873036518E+03,  0.5478849944332751E+00
   0.3214700000000000E+03,  0.2205378611442588E+01,  0.3189922708258580E+03,  0.2723505626994438E+00
   0.3197400000000000E+03,  0.8847130090466253E+00,  0.3190403543480642E+03, -0.1850673571107677E+00
   0.3177700000000000E+03, -0.1056430484912978E+01,  0.3190941639778009E+03, -0.2677334928879418E+00
   0.3162100000000000E+03, -0.2684195336220827E+01,  0.3191479736075377E+03, -0.2537782713168326E+00
   0.3159900000000000E+03, -0.3032571249478315E+01,  0.3191924736904255E+03, -0.1699024409471122E+00
   0.3171200000000000E+03, -0.1956524324071607E+01,  0.3192369737733133E+03, -0.1604494492416961E+00
   0.3183100000000000E+03, -0.9623446265047941E+00,  0.3192847706920741E+03, -0.1242606556934334E-01
   0.3195700000000000E+03, -0.8988591283184721E-01,  0.3193325676108349E+03,  0.3273183019969110E+00
   0.3200700000000000E+03,  0.5185141225040568E+00,  0.3193928266085022E+03,  0.1586592689937447E+00
   0.3207300000000000E+03,  0.1130630501065227E+01,  0.3194530856061695E+03,  0.1462838927652683E+00
   0.3217700000000000E+03,  0.2301756369948059E+01,  0.3195034853780883E+03, -0.3524174803635560E-01
   0.3222500000000000E+03,  0.2771462465506680E+01,  0.3195538851500070E+03, -0.7534761551363545E-01
   0.3218900000000000E+03,  0.2212820098022544E+01,  0.3195824440389896E+03,  0.9473586298787495E-01
   0.3204400000000000E+03,  0.8823039248691896E+00,  0.3196110029279722E+03, -0.5330685284138781E-01
   0.3187000000000000E+03, -0.1072994501014414E+01,  0.3196288539499819E+03,  0.1441405510324785E+00
   0.3167000000000000E+03, -0.2711418763568759E+01,  0.3196467049719916E+03, -0.2352862084228491E+00
   0.3167900000000000E+03, -0.3044727371382338E+01,  0.3196604743942135E+03,  0.1742529771688623E+00
   0.3177900000000000E+03, -0.1965546996960178E+01,  0.3196742438164354E+03,  0.8130318052479879E-01
   0.3187100000000000E+03, -0.9633213371560622E+00,  0.3196942112901808E+03, -0.2088995302472085E-01
   0.3194400000000000E+03, -0.8888118289746014E-01,  0.3197141787639260E+03, -0.1852975810285784E+00
   0.3204400000000000E+03,  0.5242316622689436E+00,  0.3197546121647576E+03,  0.1611561729733921E+00
   0.3208900000000000E+03,  0.1155979557107547E+01,  0.3197950455655892E+03, -0.6102512269677618E-01
   0.3221300000000000E+03,  0.2317059860059817E+01,  0.3198606508445191E+03, -0.4771070457894666E-01
   0.3221600000000000E+03,  0.2784997846680568E+01,  0.3199262561234490E+03, -0.5512539701296078E+00
   0.3218700000000000E+03,  0.2220261903561661E+01,  0.3200094893991242E+03, -0.3597513026858223E+00
   0.3213900000000000E+03,  0.8798948610279598E+00,  0.3200927226747993E+03,  0.4173824641727037E+00
   0.3188100000000000E+03, -0.1089558506947746E+01,  0.3202032632121998E+03, -0.3037047052520165E+00
   0.3178100000000000E+03, -0.2738642190916691E+01,  0.3203138037496001E+03,  0.2348384413165263E+00
   0.3173000000000000E+03, -0.3056883484699108E+01,  0.3204483458816967E+03, -0.9146239699759917E-01
   0.3188700000000000E+03, -0.1974569652674245E+01,  0.3205828880137933E+03,  0.2616816388809298E+00
   0.3194200000000000E+03, -0.9642981341662994E+00,  0.3207168823424922E+03, -0.3325842083258976E+00
   0.3206200000000000E+03, -0.8787664285551641E-01,  0.3208508766711911E+03, -0.1430000283355639E+00
   0.3215900000000000E+03,  0.5299478520646349E+00,  0.3209576993619021E+03,  0.1023527860332365E+00
   0.3223900000000000E+03,  0.1181326103103920E+01,  0.3210645220526131E+03,  0.1441518442829306E+00
   0.3238700000000000E+03,  0.2332357318785714E+01,  0.3211556283318277E+03,  0.3820143493865658E+00
   0.3240100000000000E+03,  0.2798523675128683E+01,  0.3212467346110423E+03, -0.3525828617097204E-01
   0.3237500000000000E+03,  0.2227688423329502E+01,  0.3213384739652864E+03,  0.1838376113840923E+00
   0.3223900000000000E+03,  0.8774647783699510E+00,  0.3214302133195306E+03,  0.8232190209946566E-01
   0.3203700000000000E+03, -0.1106150294620471E+01,  0.3215099015720597E+03, -0.3375127743919393E-01
   0.3186400000000000E+03, -0.2765900162926628E+01,  0.3215895898245887E+03, -0.1836896616620720E+00
   0.3181000000000000E+03, -0.3069081002852005E+01,  0.3216513670197578E+03, -0.4822860169057890E+00
   0.3197900000000000E+03, -0.1983640573398558E+01,  0.3217131442149268E+03,  0.6049635847170975E-01
   0.3210800000000000E+03, -0.9653297040990744E+00,  0.3217631300087834E+03,  0.2821996953156827E+00
   0.3220700000000000E+03, -0.8693338364840111E-01,  0.3218131158026400E+03,  0.3438175810084090E+00
   0.3225000000000000E+03,  0.5355977296140255E+00,  0.3218615312297979E+03,  0.1028710405880133E+00
   0.3230400000000000E+03,  0.1206441775320684E+01,  0.3219099466569559E+03, -0.7638843227653069E-01
   0.3244200000000000E+03,  0.2348115218411822E+01,  0.3219682666278371E+03,  0.1036181537510856E+00
   0.3250000000000000E+03,  0.2812386405510699E+01,  0.3220265865987184E+03,  0.1610269957708397E+00
   0.3240900000000000E+03,  0.2236182011420063E+01,  0.3220892050674354E+03, -0.2353870788554673E+00
   0.3225500000000000E+03,  0.8746686648811433E+00,  0.3221518235361523E+03, -0.4764922010334658E+00
   0.3209200000000000E+03, -0.1123332298199637E+01,  0.3222162429749541E+03, -0.1729106767544408E+00
   0.3193100000000000E+03, -0.2793321459612388E+01,  0.3222806624137557E+03, -0.1773409541433466E+00
   0.3193100000000000E+03, -0.3082126176733668E+01,  0.3223522917733504E+03,  0.3983440338322453E-01
   0.3207200000000000E+03, -0.1992556565160979E+01,  0.3224239211329451E+03,  0.2886354322158695E+00
   0.3219600000000000E+03, -0.9657486673688505E+00,  0.3225128198029356E+03,  0.4129288644332405E+00
   0.3225700000000000E+03, -0.8560939163540093E-01,  0.3226017184729261E+03,  0.5389091870932816E-01
   0.3231500000000000E+03,  0.5409593485664702E+00,  0.3226937690299856E+03, -0.8472837855202897E-01
   0.3238900000000000E+03,  0.1231530468298698E+01,  0.3227858195870450E+03, -0.1273500553436975E+00
   0.3250200000000000E+03,  0.2363850675016300E+01,  0.3228621340204369E+03, -0.2059846954531963E+00
   0.3255700000000000E+03,  0.2826231229088204E+01,  0.3229384484538288E+03, -0.1946796829169557E+00
   0.3253600000000000E+03,  0.2244660467999160E+01,  0.3230243439928756E+03,  0.9099553912523106E-01
   0.3241400000000000E+03,  0.8718601951739191E+00,  0.3231102395319225E+03,  0.1579002729035892E+00
   0.3220300000000000E+03, -0.1140524988468822E+01,  0.3232271544493857E+03, -0.5662946091689491E-01
   0.3204100000000000E+03, -0.2820751773459773E+01,  0.3233440693668488E+03, -0.1133175933890129E+00
   0.3202500000000000E+03, -0.3095178784710363E+01,  0.3234773825359058E+03, -0.1322037511954477E+00
   0.3213100000000000E+03, -0.2001478407951841E+01,  0.3236106957049627E+03, -0.2992172970108982E+00
   0.3228400000000000E+03, -0.9661717705800970E+00,  0.3237494687708160E+03,  0.5670299976412707E-01
   0.3240000000000000E+03, -0.8428782847690110E-01,  0.3238882418366692E+03,  0.1960459918076936E+00
   0.3244200000000000E+03,  0.5463196131656468E+00,  0.3240351774359131E+03, -0.1614970490787186E+00
   0.3256400000000000E+03,  0.1256618881424677E+01,  0.3241821130351570E+03,  0.2012680834182561E+00
   0.3266600000000000E+03,  0.2379586036023330E+01,  0.3243206324802555E+03, -0.4021851627879869E-01
   0.3273400000000000E+03,  0.2840076141322849E+01,  0.3244591519253539E+03,  0.4077193332318529E-01
   0.3267600000000000E+03,  0.2253138972099228E+01,  0.3245735906248497E+03, -0.6672959694896008E-01
   0.3258800000000000E+03,  0.8690517318514945E+00,  0.3246880293243455E+03,  0.3229189438030176E+00
   0.3236700000000000E+03, -0.1157717675545609E+01,  0.3247916171562888E+03,  0.3610051925682001E-01
   0.3223800000000000E+03, -0.2848182087307158E+01,  0.3248952049882320E+03,  0.3329770990751513E+00
   0.3217800000000000E+03, -0.3108231197216570E+01,  0.3249876890391023E+03, -0.9945784188573725E-01
   0.3228500000000000E+03, -0.2010399859801724E+01,  0.3250801730899725E+03, -0.2197732301707447E+00
   0.3241100000000000E+03, -0.9665926004507185E+00,  0.3251515549198946E+03, -0.7496231944384135E-01
   0.3250300000000000E+03, -0.8296210957812984E-01,  0.3252229367498167E+03, -0.1099746402385335E+00
   0.3259900000000000E+03,  0.5516905996045443E+00,  0.3252938506064688E+03,  0.1444587939266171E+00
   0.3268700000000000E+03,  0.1281724582489826E+01,  0.3253647644631210E+03,  0.2235109543892122E+00
   0.3281300000000000E+03,  0.2395352222760819E+01,  0.3254525880156702E+03,  0.2820597615689735E+00
   0.3280700000000000E+03,  0.2853965417079241E+01,  0.3255404115682194E+03, -0.3243769852986134E+00
   0.3276600000000000E+03,  0.2261680010029819E+01,  0.3256276521937302E+03, -0.2293322037600092E+00
   0.3263500000000000E+03,  0.8663239726683727E+00,  0.3257148928192411E+03, -0.2312167919095032E+00
   0.3246900000000000E+03, -0.1174813372283059E+01,  0.3257757636437552E+03,  0.8904972852781157E-01
   0.3231000000000000E+03, -0.2875499124615173E+01,  0.3258366344682693E+03,  0.1388646563458451E+00
   0.3231600000000000E+03, -0.3121162622612576E+01,  0.3258774537290108E+03,  0.4037088936018449E+00
   0.3239800000000000E+03, -0.2019192613970577E+01,  0.3259182729897522E+03,  0.8091962421843846E-01
   0.3251300000000000E+03, -0.9668911228982126E+00,  0.3259654841155825E+03,  0.1314070073157154E+00
   0.3261700000000000E+03, -0.8152047351413332E-01,  0.3260126952414128E+03,  0.2388252321013624E+00
   0.3266800000000000E+03,  0.5571537919787134E+00,  0.3260584581077126E+03,  0.6438810030874720E-01
   0.3271800000000000E+03,  0.1304864755601085E+01,  0.3261042209740123E+03, -0.2290857296134163E+00
   0.3277800000000000E+03,  0.2411041429537548E+01,  0.3261527633940101E+03, -0.7838048235476549E+00
   0.3289200000000000E+03,  0.2866679087965199E+01,  0.3262013058140079E+03, -0.1479849019731319E+00
   0.3285700000000000E+03,  0.2269454109692600E+01,  0.3262696267511681E+03,  0.3091913913931421E-01
   0.3273400000000000E+03,  0.8622345550968495E+00,  0.3263379476883281E+03,  0.1398177565749847E+00
   0.3254600000000000E+03, -0.1190037435707623E+01,  0.3264233120360271E+03,  0.2267253996804470E+00
   0.3233600000000000E+03, -0.2900797098538085E+01,  0.3265086763837261E+03, -0.2478792851879916E+00
   0.3235700000000000E+03, -0.3133507185019811E+01,  0.3265993904477376E+03,  0.1041167372821974E+00
   0.3248000000000000E+03, -0.2028094263677402E+01,  0.3266901045117491E+03,  0.1379897519283304E+00
   0.3260100000000000E+03, -0.9660892010946184E+00,  0.3267634468450213E+03,  0.2126423560732746E+00
   0.3267700000000000E+03, -0.8014364305475614E-01,  0.3268367891782935E+03,  0.1335446476122115E-01
   0.3276300000000000E+03,  0.5630184399750959E+00,  0.3269170801719694E+03,  0.1499013880555253E+00
   0.3277500000000000E+03,  0.1327725722902135E+01,  0.3269973711656452E+03, -0.5750968885473640E+00
   0.3297200000000000E+03,  0.2426477807807752E+01,  0.3271110719164336E+03,  0.1824502757586970E+00
   0.3300700000000000E+03,  0.2879166307648314E+01,  0.3272247726672219E+03, -0.3393897487018194E-01
   0.3290900000000000E+03,  0.2277035836003206E+01,  0.3273697006604445E+03, -0.5567364964477406E+00
   0.3280500000000000E+03,  0.8579868420238198E+00,  0.3275146286536671E+03, -0.3226154956909113E+00
   0.3263200000000000E+03, -0.1205387056343813E+01,  0.3276879528986929E+03, -0.1625658423490677E+00
   0.3249300000000000E+03, -0.2926187891382743E+01,  0.3278612771437186E+03, -0.5089252335835681E-02
   0.3250600000000000E+03, -0.3145919995501250E+01,  0.3280580200107370E+03,  0.1478999847642513E+00
   0.3265000000000000E+03, -0.2037039590610891E+01,  0.3282547628777553E+03,  0.2822767128556052E+00
   0.3275500000000000E+03, -0.9653171126405656E+00,  0.3284726545323793E+03,  0.4266258026126479E-01
   0.3285400000000000E+03, -0.7878280206779754E-01,  0.3286905461870033E+03, -0.7176338493547973E-01
   0.3295600000000000E+03,  0.5688729888037369E+00,  0.3289115692660963E+03,  0.7955774510003266E-01
   0.3303000000000000E+03,  0.1350582481340121E+01,  0.3291325923451892E+03, -0.1831748265292958E+00
   0.3315000000000000E+03,  0.2441911792126560E+01,  0.3293178137729260E+03, -0.2597255650525767E+00
   0.3324800000000000E+03,  0.2891652948291702E+01,  0.3295030352006627E+03,  0.8531185104556016E-01
   0.3320700000000000E+03,  0.2284617264171006E+01,  0.3296307099371157E+03,  0.1546727987132499E+00
   0.3308700000000000E+03,  0.8537391117049050E+00,  0.3297583846735687E+03,  0.2578762147264229E+00
   0.3293100000000000E+03, -0.1220736685602946E+01,  0.3298461911240689E+03,  0.6845455615340938E+00
   0.3275100000000000E+03, -0.2951578684227401E+01,  0.3299339975745690E+03,  0.5275811096583425E+00
   0.3271800000000000E+03, -0.3158331978466580E+01,  0.3299907751887246E+03,  0.3475567897420433E+00
   0.3281600000000000E+03, -0.2045983262512161E+01,  0.3300475528028801E+03,  0.1584304596320862E+00
   0.3286400000000000E+03, -0.9645360449255695E+00,  0.3300644140769822E+03, -0.4598780320566789E+00
   0.3293500000000000E+03, -0.7740565759117052E-01,  0.3300812753510844E+03, -0.6538696934932204E+00
   0.3307100000000000E+03,  0.5747633914173194E+00,  0.3300805799341623E+03,  0.5465667442035738E-01
   0.3314800000000000E+03,  0.1373494643858321E+01,  0.3300798845172403E+03,  0.2662083890146505E-01
   0.3326500000000000E+03,  0.2457431415649966E+01,  0.3301019772168810E+03,  0.9059136746901686E-01
   0.3332000000000000E+03,  0.2904255463264072E+01,  0.3301240699165218E+03,  0.1716746202141621E+00
   0.3321600000000000E+03,  0.2292346065513592E+01,  0.3301819951006107E+03, -0.3143411661242226E+00
   0.3310700000000000E+03,  0.8496702534065801E+00,  0.3302399202846996E+03, -0.1959053810617206E-01
   0.3291200000000000E+03, -0.1235891786710312E+01,  0.3303033775902697E+03,  0.5251419644065436E-01
   0.3273200000000000E+03, -0.2976759292789113E+01,  0.3303668348958398E+03, -0.7007560305072502E-01
   0.3272800000000000E+03, -0.3170543609580057E+01,  0.3304274316237095E+03,  0.2311198587057106E-01
   0.3283000000000000E+03, -0.2054736414992670E+01,  0.3304880283515791E+03, -0.1332919365864882E+00
   0.3295800000000000E+03, -0.9636071365344152E+00,  0.3305618860549038E+03, -0.1827891836944673E-01
   0.3307300000000000E+03, -0.7592335118298879E-01,  0.3306357437582285E+03,  0.1701795929545256E+00
   0.3314600000000000E+03,  0.5806813524979685E+00,  0.3307201819682599E+03,  0.1591366792421240E+00
   0.3319000000000000E+03,  0.1387918516155763E+01,  0.3308046201782913E+03, -0.2925386944470461E+00
   0.3331700000000000E+03,  0.2471038350374086E+01,  0.3308924161030321E+03, -0.1934544534062184E+00
   0.3339400000000000E+03,  0.2921003461779042E+01,  0.3309802120277730E+03,  0.3878451044801068E-01
   0.3334500000000000E+03,  0.2302384167988680E+01,  0.3310701511662916E+03,  0.7746466571967403E-01
   0.3319800000000000E+03,  0.8413449096027651E+00,  0.3311600903048103E+03, -0.2143521441303164E-01
   0.3299500000000000E+03, -0.1249216605797881E+01,  0.3312621327207411E+03, -0.6291611494327753E-01
   0.3285000000000000E+03, -0.2996698276430024E+01,  0.3313641751366720E+03,  0.1325231397580637E+00
   0.3283500000000000E+03, -0.3179834212414659E+01,  0.3314659156903553E+03,  0.6391852205939585E-01
   0.3293700000000000E+03, -0.2062919228368032E+01,  0.3315676562440386E+03, -0.1347370156705665E+00
   0.3305800000000000E+03, -0.9626567526867934E+00,  0.3316462295974302E+03, -0.1035728447434394E+00
   0.3315900000000000E+03, -0.7509136925130405E-01,  0.3317248029508218E+03, -0.5971158157046830E-01
   0.3327500000000000E+03,  0.5850798324708301E+00,  0.3317843673607372E+03,  0.3805528067919681E+00
   0.3335200000000000E+03,  0.1401868499602267E+01,  0.3318439317706527E+03,  0.2741997297450780E+00
   0.3346400000000000E+03,  0.2484242896796453E+01,  0.3318948338287278E+03,  0.2609232744757719E+00
   0.3347700000000000E+03,  0.2937420572541442E+01,  0.3319457358868029E+03, -0.1131564593443386E+00
   0.3340000000000000E+03,  0.2312162343067114E+01,  0.3320021047154160E+03, -0.3142670584830398E+00
   0.3330600000000000E+03,  0.8328305987582106E+00,  0.3320584735440290E+03,  0.1686958572127537E+00
   0.3306800000000000E+03, -0.1262675933352715E+01,  0.3321365662288948E+03, -0.1938902955420758E+00
   0.3289500000000000E+03, -0.3016717309964724E+01,  0.3322146589137606E+03, -0.2479416037958799E+00
   0.3287500000000000E+03, -0.3189174264720710E+01,  0.3323435828490773E+03, -0.4044085843565881E+00
   0.3301500000000000E+03, -0.2071120890792499E+01,  0.3324725067843940E+03, -0.2513858936015367E+00
   0.3316200000000000E+03, -0.9617144703542155E+00,  0.3326452757980256E+03, -0.6356132767143663E-01
   0.3326600000000000E+03, -0.7425674130060163E-01,  0.3328180448116573E+03, -0.8378807035671798E-01
   0.3331300000000000E+03,  0.5894812334099822E+00,  0.3330066323304792E+03, -0.4661135638891665E+00
   0.3349500000000000E+03,  0.1415821678962335E+01,  0.3331952198493011E+03,  0.3389584717365892E+00
   0.3361300000000000E+03,  0.2497449395330591E+01,  0.3333888177766131E+03,  0.2437328280562951E+00
   0.3369300000000000E+03,  0.2953838391613821E+01,  0.3335824157039252E+03,  0.3937459044610137E+00
   0.3361600000000000E+03,  0.2321940884611079E+01,  0.3337628414080730E+03,  0.7521770731597144E-01
   0.3348800000000000E+03,  0.8243163125347388E+00,  0.3339432671122208E+03,  0.1124165752444242E+00
   0.3325600000000000E+03, -0.1276135248597007E+01,  0.3340991369863822E+03, -0.2630017377852027E+00
   0.3312900000000000E+03, -0.3036736343499424E+01,  0.3342550068605436E+03,  0.7172948295578863E-01
   0.3312700000000000E+03, -0.3198514489603897E+01,  0.3343867640184620E+03,  0.8175047114184508E-01
   0.3324100000000000E+03, -0.2079322898371240E+01,  0.3345185211763805E+03, -0.2919827800923258E-01
   0.3336000000000000E+03, -0.9607746573468949E+00,  0.3346493045014856E+03, -0.8852984413863396E-01
   0.3349500000000000E+03, -0.7342670684613974E-01,  0.3347800878265907E+03,  0.2433388802554646E+00
   0.3352500000000000E+03,  0.5938699057039490E+00,  0.3349068362477465E+03, -0.2507061534504373E+00
   0.3366600000000000E+03,  0.1429753994528273E+01,  0.3350335846689023E+03,  0.1966613365694343E+00
   0.3376900000000000E+03,  0.2510621892768424E+01,  0.3351439923416483E+03,  0.3538576558327122E-01
   0.3380300000000000E+03,  0.2970209072287720E+01,  0.3352544000143942E+03, -0.1946090866819645E+00
   0.3380100000000000E+03,  0.2331665801790504E+01,  0.3353583779408231E+03,  0.3199562573864227E+00
   0.3364100000000000E+03,  0.8157419159806684E+00,  0.3354623558672519E+03,  0.1319022167675143E+00
   0.3344100000000000E+03, -0.1289643920022333E+01,  0.3355718921224872E+03,  0.1277517975352112E+00
   0.3323700000000000E+03, -0.3056793979065592E+01,  0.3356814283777224E+03, -0.2546343986567763E+00
   0.3324100000000000E+03, -0.3207866787340758E+01,  0.3357892018968788E+03, -0.1713351095379494E+00
   0.3337500000000000E+03, -0.2087510449625862E+01,  0.3358969754160351E+03, -0.5946496640922305E-01
   0.3349000000000000E+03, -0.9597892824554963E+00,  0.3360043339497362E+03, -0.1445446672806838E+00
   0.3361400000000000E+03, -0.7252000494764092E-01,  0.3361116924834373E+03,  0.1008275215103254E+00
   0.3366900000000000E+03,  0.5983641166359224E+00,  0.3362307902213483E+03, -0.1391543379842801E+00
   0.3382700000000000E+03,  0.1445388378781566E+01,  0.3363498879592594E+03,  0.4747236619589899E+00
   0.3389600000000000E+03,  0.2525790924277021E+01,  0.3364854915212127E+03, -0.5128244548973271E-01
   0.3392100000000000E+03,  0.2988118515533606E+01,  0.3366210950831660E+03, -0.3992135986995891E+00
   0.3392600000000000E+03,  0.2343437061230027E+01,  0.3367617796046483E+03,  0.1547833341217029E+00
   0.3375400000000000E+03,  0.8029684466942377E+00,  0.3369024641261305E+03, -0.1654325728247272E+00
   0.3357500000000000E+03, -0.1310376414407453E+01,  0.3370511370584507E+03,  0.9239355956765394E-02
   0.3339800000000000E+03, -0.3079599973185104E+01,  0.3371998099907709E+03, -0.1402100175857868E+00
   0.3341900000000000E+03, -0.3218758080198948E+01,  0.3373632982510799E+03,  0.4545982911901092E-01
   0.3353100000000000E+03, -0.2093245553732396E+01,  0.3375267865113889E+03, -0.1235409576565303E+00
   0.3368100000000000E+03, -0.9583406911640753E+00,  0.3376992093798152E+03,  0.6913131134894002E-01
   0.3379000000000000E+03, -0.6562322003096402E-01,  0.3378716322482414E+03,  0.9399097178953753E-01
   0.3383400000000000E+03,  0.6048924489637691E+00,  0.3380420987934657E+03, -0.3069912424294898E+00
   0.3400100000000000E+03,  0.1460780067419172E+01,  0.3382125653386901E+03,  0.3366545938907279E+00
   0.3409300000000000E+03,  0.2540698303860842E+01,  0.3383765155751781E+03,  0.1278612096103870E-01
   0.3414800000000000E+03,  0.3005747350545624E+01,  0.3385404658116662E+03, -0.6621316221179541E-01
   0.3413300000000000E+03,  0.2354931010728853E+01,  0.3386870027705228E+03,  0.2880662187483267E+00
   0.3394000000000000E+03,  0.7899209657602807E+00,  0.3388335397293794E+03, -0.2234606951396927E+00
   0.3377000000000000E+03, -0.1331359697903533E+01,  0.3389721471066495E+03,  0.5921259125403822E-01
   0.3361900000000000E+03, -0.3102633533879008E+01,  0.3391107544839195E+03,  0.1818790499594911E+00
   0.3361500000000000E+03, -0.3229838231614842E+01,  0.3392416688507800E+03,  0.1381693808348246E+00
   0.3372700000000000E+03, -0.2099130808379947E+01,  0.3393725832176405E+03, -0.3452409260603417E-02
   0.3383200000000000E+03, -0.9570028692025079E+00,  0.3394856923136758E+03, -0.2086894444733502E+00
   0.3392900000000000E+03, -0.5879782323297892E-01,  0.3395988014097111E+03, -0.2500035864781580E+00
   0.3405500000000000E+03,  0.6113745180621738E+00,  0.3396866209100988E+03,  0.2520045718390520E+00
   0.3416100000000000E+03,  0.1476150617716586E+01,  0.3397744404104864E+03,  0.3594089717969950E+00
   0.3425300000000000E+03,  0.2555593716604512E+01,  0.3398603171752579E+03,  0.1140891081375912E+00
   0.3430300000000000E+03,  0.3023373390217536E+01,  0.3399461939400293E+03,  0.6043266975308370E-01
   0.3425400000000000E+03,  0.2366423534754540E+01,  0.3400487624639260E+03,  0.1248140013195211E+00
   0.3407800000000000E+03,  0.7768734292201551E+00,  0.3401513309878226E+03, -0.1482044170427912E+00
   0.3384400000000000E+03, -0.1352343009202698E+01,  0.3402617462492539E+03, -0.4694032400512356E+00
   0.3369500000000000E+03, -0.3125667094572913E+01,  0.3403721615106852E+03, -0.2964944161122958E+00
   0.3370800000000000E+03, -0.3240918113496985E+01,  0.3404933757955414E+03, -0.1724576820444099E+00
   0.3385800000000000E+03, -0.2105015523959997E+01,  0.3406145900803976E+03,  0.7042544356232838E-01
   0.3398800000000000E+03, -0.9556607134364263E+00,  0.3407489039035315E+03,  0.8675680990489809E-01
   0.3409600000000000E+03, -0.5196429789346505E-01,  0.3408832177266654E+03,  0.1287465712280209E+00
   0.3417300000000000E+03,  0.6178839694664036E+00,  0.3410093319036275E+03,  0.1027841269061582E+00
   0.3428100000000000E+03,  0.1491567804084121E+01,  0.3411354460805895E+03,  0.1829861153263437E+00
   0.3439700000000000E+03,  0.2570585691340955E+01,  0.3412339734981684E+03,  0.1654408104906793E+00
   0.3446300000000000E+03,  0.3041145917804872E+01,  0.3413325009157472E+03,  0.2563531664478660E+00
   0.3437900000000000E+03,  0.2378147535455335E+01,  0.3414070543472898E+03,  0.4798117254836143E-02
   0.3423200000000000E+03,  0.7641423581148173E+00,  0.3414816077788324E+03,  0.7424986305272796E-01
   0.3400900000000000E+03, -0.1372902438571524E+01,  0.3415503068568212E+03, -0.8740441824966183E-01
   0.3382800000000000E+03, -0.3148169356840928E+01,  0.3416190059348099E+03, -0.1908365779689802E+00
   0.3382900000000000E+03, -0.3251368078411288E+01,  0.3417106580101692E+03, -0.1692899317578735E+00
   0.3396000000000000E+03, -0.2110171704030255E+01,  0.3418023100855285E+03, -0.9213838149821640E-01
   0.3409000000000000E+03, -0.9535328265031320E+00,  0.3419412273817131E+03, -0.8769455521002101E-01
   0.3416800000000000E+03, -0.4428784572931849E-01,  0.3420801446778977E+03, -0.3558568321683424E+00
   0.3429000000000000E+03,  0.6252233990054459E+00,  0.3422565052614512E+03,  0.1827133954333249E-01
   0.3433300000000000E+03,  0.1505234625266777E+01,  0.3424328658450047E+03, -0.6081004702714949E+00
   0.3452500000000000E+03,  0.2584330608693159E+01,  0.3426193205136326E+03,  0.4634887767423379E-01
   0.3460300000000000E+03,  0.3050585227842384E+01,  0.3428057751822605E+03,  0.1736395898971068E+00
   0.3456300000000000E+03,  0.2383993323432100E+01,  0.3429911911359377E+03,  0.2548155406302044E+00
   0.3441900000000000E+03,  0.7523388289332060E+00,  0.3431766070896149E+03,  0.2610540814518458E+00
   0.3422700000000000E+03, -0.1393326026389722E+01,  0.3433458940118368E+03,  0.3174320145528782E+00
   0.3403500000000000E+03, -0.3170476632978621E+01,  0.3435151809340587E+03,  0.5295698919951519E-02
   0.3403800000000000E+03, -0.3261957727789058E+01,  0.3436529583761811E+03, -0.1100064839204151E-01
   0.3415900000000000E+03, -0.2112370052135033E+01,  0.3437907358183035E+03, -0.8836576616852199E-01
   0.3430500000000000E+03, -0.9444141815382343E+00,  0.3439049469165157E+03,  0.8946726502256297E-01
   0.3441000000000000E+03, -0.3224848250356746E-01,  0.3440191580147279E+03,  0.1130904677757485E+00
   0.3447900000000000E+03,  0.6355992647900875E+00,  0.3441275645615937E+03,  0.2683617361623192E-01
   0.3455200000000000E+03,  0.1517862499814369E+01,  0.3442359711084596E+03, -0.2338336082739829E+00
   0.3468400000000000E+03,  0.2597075835780602E+01,  0.3443469875763905E+03, -0.1040634121711150E+00
   0.3476300000000000E+03,  0.3059064103985439E+01,  0.3444580040443214E+03,  0.1129318516931335E+00
   0.3469700000000000E+03,  0.2388976934027275E+01,  0.3445749286476377E+03,  0.6094418335067076E-02
   0.3455300000000000E+03,  0.7397713788828704E+00,  0.3446918532509540E+03,  0.9837537016306896E-01
   0.3435500000000000E+03, -0.1414388940607157E+01,  0.3448204175807738E+03,  0.1439713598334151E+00
   0.3414000000000000E+03, -0.3193298641046063E+01,  0.3449489819105935E+03, -0.3556832695475123E+00
   0.3416700000000000E+03, -0.3272945673159883E+01,  0.3450804915408875E+03, -0.1375458677275674E+00
   0.3431000000000000E+03, -0.2114850260296173E+01,  0.3452120011711814E+03,  0.2849089114818071E-02
   0.3447000000000000E+03, -0.9354953331710079E+00,  0.3453357295197683E+03,  0.2997658134027006E+00
   0.3452100000000000E+03, -0.2032685241679702E-01,  0.3454594578683552E+03, -0.2291310159384352E+00
   0.3461600000000000E+03,  0.6459002346017633E+00,  0.3455849609996541E+03, -0.7086123425580126E-01
   0.3477400000000000E+03,  0.1530458315555009E+01,  0.3457104641309530E+03,  0.4990775534920431E+00
   0.3483300000000000E+03,  0.2609802978000889E+01,  0.3458341121810898E+03, -0.1139151590907090E+00
   0.3490600000000000E+03,  0.3067538869201132E+01,  0.3459577602312266E+03,  0.3470089957227174E-01
   0.3483800000000000E+03,  0.2393958438982116E+01,  0.3460642210407397E+03, -0.7817947972176853E-01
   0.3467200000000000E+03,  0.7272038284792299E+00,  0.3461706818502527E+03, -0.1778856787318546E+00
   0.3450200000000000E+03, -0.1435451905001245E+01,  0.3462586289578568E+03,  0.1968229471444261E+00
   0.3432700000000000E+03, -0.3216120649113505E+01,  0.3463465760654609E+03,  0.1395445836526505E+00
   0.3431300000000000E+03, -0.3283932415158743E+01,  0.3464364202825028E+03, -0.2248786734401165E-01
   0.3444900000000000E+03, -0.2117328061713383E+01,  0.3465262644995447E+03,  0.8106356216876520E-01
   0.3458800000000000E+03, -0.9265600602785483E+00,  0.3466330564737619E+03,  0.1735035865166878E+00
   0.3465600000000000E+03, -0.8374780023490673E-02,  0.3467398484479791E+03, -0.1714736679556381E+00
   0.3472800000000000E+03,  0.6562880325733813E+00,  0.3468600792895882E+03, -0.2363673221615841E+00
   0.3480100000000000E+03,  0.1543197345308999E+01,  0.3469803101311972E+03, -0.5135074765062200E+00
   0.3497700000000000E+03,  0.2622797909236369E+01,  0.3471100583738450E+03,  0.3714371691859242E-01
   0.3503800000000000E+03,  0.3076405998433863E+01,  0.3472398066164928E+03,  0.6378738507333992E-01
   0.3499300000000000E+03,  0.2399514820387595E+01,  0.3473796203447251E+03,  0.1508648348872725E+00
   0.3481600000000000E+03,  0.7153936669598279E+00,  0.3475194340729576E+03, -0.7482773991733893E-01
   0.3460800000000000E+03, -0.1455563239691891E+01,  0.3476559963820080E+03, -0.1204331423160738E+00
   0.3452200000000000E+03, -0.3237796786658303E+01,  0.3477925586910584E+03,  0.6652380955999320E+00
   0.3445100000000000E+03, -0.3293622130767690E+01,  0.3479230933351858E+03, -0.1194712044181188E+00
   0.3459300000000000E+03, -0.2118357680873411E+01,  0.3480536279793132E+03, -0.5270298439768339E-02
   0.3472200000000000E+03, -0.9161133991609745E+00,  0.3481878813804722E+03, -0.5176798131117266E-01
   0.3485200000000000E+03,  0.5151886562862818E-02,  0.3483221347816311E+03,  0.1927133318059759E+00
   0.3487300000000000E+03,  0.6681828042105518E+00,  0.3484702615403402E+03, -0.4084443445507304E+00
   0.3497300000000000E+03,  0.1545865011208463E+01,  0.3486183882990492E+03, -0.4342533102576454E+00
   0.3513100000000000E+03,  0.2628621391405821E+01,  0.3487785470945689E+03, -0.9716848597474836E-01
   0.3520900000000000E+03,  0.3073911625639669E+01,  0.3489387058900886E+03,  0.7738248427170902E-01
   0.3515300000000000E+03,  0.2393910065260490E+01,  0.3491189171618443E+03,  0.1717277289515096E-01
   0.3501100000000000E+03,  0.7061504407315423E+00,  0.3492991284336000E+03,  0.1047211256684477E+00
   0.3480800000000000E+03, -0.1468874041939161E+01,  0.3494980900607861E+03,  0.5078398115301752E-01
   0.3465200000000000E+03, -0.3250074687146949E+01,  0.3496970516879722E+03,  0.7302299917466826E-01
   0.3465900000000000E+03, -0.3296071333505893E+01,  0.3498958639652411E+03, -0.9792631735251689E-02
   0.3479600000000000E+03, -0.2114020864636263E+01,  0.3500946762425100E+03, -0.2065537787382254E-01
   0.3491600000000000E+03, -0.9026559924684386E+00,  0.3502873127107862E+03, -0.2246567183177035E+00
   0.3503900000000000E+03,  0.1858043539975779E-01,  0.3504799491790623E+03, -0.1085296144620997E+00
   0.3516400000000000E+03,  0.6816538931711057E+00,  0.3506803520681067E+03,  0.2779940387221700E+00
   0.3524100000000000E+03,  0.1547159903745161E+01,  0.3508807549571510E+03, -0.1791486089615546E-01
   0.3536900000000000E+03,  0.2633164932110086E+01,  0.3510837544258735E+03, -0.2691935798361555E-01
   0.3542100000000000E+03,  0.3070230143277868E+01,  0.3512867538945960E+03, -0.1469840378738354E+00
   0.3537200000000000E+03,  0.2387282367491084E+01,  0.3514774764305963E+03, -0.1447587980873095E+00
   0.3526900000000000E+03,  0.6960484387862615E+00,  0.3516681989665965E+03,  0.3257525946171995E+00
   0.3504000000000000E+03, -0.1482865415354083E+01,  0.3518332413883413E+03,  0.4962402701272595E-01
   0.3489200000000000E+03, -0.3262854954253907E+01,  0.3519982838100861E+03,  0.1845711441677622E+00
   0.3491300000000000E+03, -0.3298885303463010E+01,  0.3521410868519175E+03,  0.2877984515454841E+00
   0.3502000000000000E+03, -0.2109911216218632E+01,  0.3522838898937488E+03,  0.2602132246977362E-01
   0.3514100000000000E+03, -0.8893504752766840E+00,  0.3524070200521928E+03, -0.1076695769161233E+00
   0.3529100000000000E+03,  0.3193237305460800E-01,  0.3525301502106368E+03,  0.3479174163086327E+00
   0.3532700000000000E+03,  0.6950775589171309E+00,  0.3526368068264452E+03, -0.6188438536236163E-01
   0.3539600000000000E+03,  0.1548436561034846E+01,  0.3527434634422536E+03, -0.3319000032884674E+00
   0.3556400000000000E+03,  0.2637698127513569E+01,  0.3528459440347084E+03,  0.1563578377780459E+00
   0.3558600000000000E+03,  0.3066546205561516E+01,  0.3529484246271631E+03, -0.1549708327246435E+00
   0.3553700000000000E+03,  0.2380653405515373E+01,  0.3530564412104764E+03, -0.6709461599172073E-01
   0.3539900000000000E+03,  0.6859463637829223E+00,  0.3531644577937896E+03,  0.1395958424275250E+00
   0.3518100000000000E+03, -0.1496856825298035E+01,  0.3532809079338434E+03,  0.2594889145461821E-01
   0.3500500000000000E+03, -0.3275635221360864E+01,  0.3533973580738972E+03, -0.7172285253636801E-01
   0.3502500000000000E+03, -0.3301699097923322E+01,  0.3535062954861942E+03,  0.4540361172917073E-01
   0.3514900000000000E+03, -0.2105801216807390E+01,  0.3536152328984911E+03, -0.1943168168367038E-01
   0.3528500000000000E+03, -0.8760429139214274E+00,  0.3537069331005389E+03,  0.1910981338249940E-01
   0.3538000000000000E+03,  0.4528804804285078E-01,  0.3537986333025868E+03, -0.4392135062965963E-01
   0.3550400000000000E+03,  0.7085117824029399E+00,  0.3538899575991001E+03,  0.4415306184970405E+00
   0.3557300000000000E+03,  0.1549730596470706E+01,  0.3539812818956133E+03,  0.1989875079160583E+00
   0.3563200000000000E+03,  0.2642264805188706E+01,  0.3540873703586152E+03, -0.4096351638038982E+00
   0.3573200000000000E+03,  0.3062911854242297E+01,  0.3541934588216172E+03,  0.6362932414049283E-01
   0.3563400000000000E+03,  0.2374097026866249E+01,  0.3543000966117111E+03, -0.3341936385773465E+00
   0.3548400000000000E+03,  0.6759398690356246E+00,  0.3544067344018050E+03, -0.2426742708406096E+00
   0.3530100000000000E+03, -0.1510729197902048E+01,  0.3545195777870123E+03,  0.1151410889747240E-02
   0.3513100000000000E+03, -0.3288272994043984E+01,  0.3546324211722197E+03, -0.3414817817565563E-01
   0.3516200000000000E+03, -0.3304349094053244E+01,  0.3547759182780102E+03,  0.1484308160430601E+00
   0.3530700000000000E+03, -0.2101506115159206E+01,  0.3549194153838008E+03,  0.2520907313584644E+00
   0.3543300000000000E+03, -0.8625326806237078E+00,  0.3550605962389826E+03,  0.1319364416410735E+00
   0.3548400000000000E+03,  0.5886396467907697E-01,  0.3552017770941645E+03, -0.4206410588435574E+00
   0.3557300000000000E+03,  0.7221778298657983E+00,  0.3553002863274300E+03, -0.2924641572957967E+00
   0.3572300000000000E+03,  0.1549369336763849E+01,  0.3553987955606955E+03,  0.2818351025406400E+00
   0.3586600000000000E+03,  0.2647535904272853E+01,  0.3554686787385889E+03,  0.5437853571382902E+00
   0.3591300000000000E+03,  0.3057329408394038E+01,  0.3555385619164823E+03,  0.5341086751236617E+00
   0.3581300000000000E+03,  0.2365093002174432E+01,  0.3556092951699343E+03,  0.1556118278912777E+00
   0.3561900000000000E+03,  0.6658009444490491E+00,  0.3556800284233862E+03, -0.1558293678352811E+00
   0.3538500000000000E+03, -0.1523834364584354E+01,  0.3557488823060913E+03, -0.3750479415069776E+00
   0.3522500000000000E+03, -0.3295066394372011E+01,  0.3558177361887965E+03, -0.2726697944245302E+00
   0.3523500000000000E+03, -0.3305506247079234E+01,  0.3558798113728075E+03, -0.2243051257282218E+00
   0.3538100000000000E+03, -0.2098350135115997E+01,  0.3559418865568184E+03, -0.3353642170242210E-01
   0.3551200000000000E+03, -0.8528568338826489E+00,  0.3560228370045282E+03, -0.4998017064559690E-01
   0.3562500000000000E+03,  0.7266905265009377E-01,  0.3561037874522380E+03,  0.7354349511189184E-01
   0.3571100000000000E+03,  0.7355657182323239E+00,  0.3561891429060677E+03,  0.1852913756999897E+00
   0.3578600000000000E+03,  0.1549138024470410E+01,  0.3562744983598973E+03,  0.3636361563229684E-01
   0.3590900000000000E+03,  0.2652924310318348E+01,  0.3563364159821168E+03,  0.1006597075648301E+00
   0.3595900000000000E+03,  0.3051851629055060E+01,  0.3563983336043364E+03,  0.1398147666085379E+00
   0.3593300000000000E+03,  0.2356184074128194E+01,  0.3564388881607629E+03,  0.5349277651089324E+00
   0.3570100000000000E+03,  0.6557475466443532E+00,  0.3564794427171894E+03, -0.1251902638338152E+00
   0.3549400000000000E+03, -0.1536863480055963E+01,  0.3565092266533753E+03, -0.3236317331936789E-01
   0.3529500000000000E+03, -0.3301793219060521E+01,  0.3565390105895611E+03, -0.2872173705006276E+00
   0.3533200000000000E+03, -0.3306608112658869E+01,  0.3565684015202846E+03,  0.5820659237423342E-01
   0.3543200000000000E+03, -0.2095150155819594E+01,  0.3565977924510081E+03, -0.1826422951885434E+00
   0.3555700000000000E+03, -0.8431489749364192E+00,  0.3566355415499337E+03, -0.2223925749972864E+00
   0.3570000000000000E+03,  0.8649416577825800E-01,  0.3566732906488593E+03,  0.2402151853624446E+00
   0.3573100000000000E+03,  0.7489659118045203E+00,  0.3567326596565056E+03, -0.1716255683101053E+00
   0.3584700000000000E+03,  0.1548911297431165E+01,  0.3567920286641519E+03,  0.1290600384169238E+00
   0.3592700000000000E+03,  0.2658315202360149E+01,  0.3568701818490827E+03, -0.2584970514428164E+00
   0.3601900000000000E+03,  0.3046374236454497E+01,  0.3569483350340133E+03,  0.1952907295321893E+00
   0.3595200000000000E+03,  0.2347275344670288E+01,  0.3570469333830246E+03,  0.1257912723051504E+00
   0.3573300000000000E+03,  0.6456941592779032E+00,  0.3571455317320357E+03, -0.4612258913136884E+00
   0.3556400000000000E+03, -0.1549892590308448E+01,  0.3572670019614221E+03, -0.7710937111363592E-01
   0.3540300000000000E+03, -0.3308520043749030E+01,  0.3573884721908084E+03, -0.4995214705940043E-01
   0.3541200000000000E+03, -0.3307710400733226E+01,  0.3575284148652667E+03, -0.1007044645334076E+00
   0.3554100000000000E+03, -0.2091951021512636E+01,  0.3576683575397249E+03, -0.1664065182122840E+00
   0.3569100000000000E+03, -0.8334458983021382E+00,  0.3578142058071026E+03, -0.7075990880042582E-01
   0.3582400000000000E+03,  0.1003105592719708E+00,  0.3579600540744803E+03,  0.1796353662477372E+00
   0.3589200000000000E+03,  0.7623438555650206E+00,  0.3581119991366179E+03,  0.4565700781711257E-01
   0.3599900000000000E+03,  0.1548648790402979E+01,  0.3582639441987555E+03,  0.1774070108415344E+00
   0.3612300000000000E+03,  0.2663641534899726E+01,  0.3584193830164402E+03,  0.1469754486600436E+00
   0.3616500000000000E+03,  0.3040803504838431E+01,  0.3585748218341250E+03,  0.3437466103656561E-01
   0.3608100000000000E+03,  0.2338227540364914E+01,  0.3587313833378928E+03, -0.2596108782577176E+00
   0.3593800000000000E+03,  0.6354559612320234E+00,  0.3588879448416607E+03, -0.1434008028926996E+00
   0.3574600000000000E+03, -0.1563162214612066E+01,  0.3590456933599852E+03, -0.2253114537313650E-01
   0.3557300000000000E+03, -0.3315543085860375E+01,  0.3592034418783098E+03, -0.1578987924493731E+00
   0.3560700000000000E+03, -0.3309159477177646E+01,  0.3593755734109533E+03,  0.3586066224386286E-02
   0.3575300000000000E+03, -0.2089149246522970E+01,  0.3595477049435968E+03,  0.7144430292612469E-01
   0.3589800000000000E+03, -0.8241696832634461E+00,  0.3597308685704372E+03,  0.7330111282624330E-01
   0.3599200000000000E+03,  0.1136705888917962E+00,  0.3599140321972776E+03, -0.1077027861693978E+00
   0.3608600000000000E+03,  0.7752711195456836E+00,  0.3600911467692733E+03, -0.6417888818987194E-02
   0.3618300000000000E+03,  0.1552401217848163E+01,  0.3602682613412691E+03,  0.9337440882745796E-02
   0.3633000000000000E+03,  0.2668307047399890E+01,  0.3604345846351110E+03,  0.1971083174890964E+00
   0.3636900000000000E+03,  0.3037051189844054E+01,  0.3606009079289531E+03,  0.5204088120285633E-01
   0.3631900000000000E+03,  0.2331749519360133E+01,  0.3607635898339287E+03,  0.9466064671113372E-01
   0.3616400000000000E+03,  0.6249640984982018E+00,  0.3609262717389044E+03,  0.8876416259738562E-01
   0.3591200000000000E+03, -0.1577474828476386E+01,  0.3610936355931916E+03, -0.3961607647151482E+00
   0.3581700000000000E+03, -0.3319154241215109E+01,  0.3612609994474787E+03,  0.2281547937364508E+00
   0.3579900000000000E+03, -0.3311411423948914E+01,  0.3614132727622430E+03, -0.1118613382940339E+00
   0.3594500000000000E+03, -0.2089625823873661E+01,  0.3615655460770072E+03, -0.2592025313350632E-01
   0.3606800000000000E+03, -0.8200963572751468E+00,  0.3617133628063378E+03, -0.2132664490627008E+00
   0.3620700000000000E+03,  0.1273946156502455E+00,  0.3618611795356684E+03,  0.8142584868130598E-01
   0.3632400000000000E+03,  0.7879663798925206E+00,  0.3620102958522306E+03,  0.4417377678769299E+00
   0.3641700000000000E+03,  0.1556535253389014E+01,  0.3621594121687926E+03,  0.4540525778183451E+00
   0.3645700000000000E+03,  0.2673339423771306E+01,  0.3622926549336092E+03, -0.3959943573805731E+00
   0.3651300000000000E+03,  0.3033650994496514E+01,  0.3624258976984258E+03, -0.3295486929223443E+00
   0.3649200000000000E+03,  0.2325586114676332E+01,  0.3625311091391187E+03,  0.6330474620494897E-01
   0.3635500000000000E+03,  0.6147493487595057E+00,  0.3626363205798116E+03,  0.2989300714288561E+00
   0.3613800000000000E+03, -0.1591558329457186E+01,  0.3627205284208184E+03,  0.2510299086387704E+00
   0.3595400000000000E+03, -0.3322584283797928E+01,  0.3628047362618252E+03,  0.5784802197274530E-01
   0.3595800000000000E+03, -0.3313525985382275E+01,  0.3628914564102899E+03,  0.2069575092320974E-02
   0.3608900000000000E+03, -0.2090008743320454E+01,  0.3629781765587547E+03,  0.1832184565728312E-02
   0.3622400000000000E+03, -0.8159590618035870E+00,  0.3630586039080630E+03, -0.2644846259386213E-02
   0.3630900000000000E+03,  0.1411529234713169E+00,  0.3631390312573712E+03, -0.1901841808426070E+00
   0.3640300000000000E+03,  0.8006822335442061E+00,  0.3632133533870294E+03,  0.1596437942635021E-01
   0.3645100000000000E+03,  0.1560676194476940E+01,  0.3632876755166877E+03, -0.3383517111645915E+00
   0.3663500000000000E+03,  0.2678375532296696E+01,  0.3633916620611013E+03,  0.2799624066020669E+00
   0.3666400000000000E+03,  0.3030251357909848E+01,  0.3634956486055149E+03,  0.1141000365752802E+00
   0.3655900000000000E+03,  0.2319422996751684E+01,  0.3636453646615996E+03, -0.3747876583513516E+00
   0.3643100000000000E+03,  0.6045346137782417E+00,  0.3637950807176843E+03, -0.8961533146253942E-01
   0.3622500000000000E+03, -0.1605641823059269E+01,  0.3639814674461118E+03, -0.1258256230524921E+00
   0.3602900000000000E+03, -0.3326014326380746E+01,  0.3641678541745392E+03, -0.5518398481584654E+00
   0.3608200000000000E+03, -0.3315640126529411E+01,  0.3643899402537468E+03, -0.2543001272174479E+00
   0.3624900000000000E+03, -0.2090390822194798E+01,  0.3646120263329544E+03, -0.3163551075959958E-01
   0.3643800000000000E+03, -0.8118185419950845E+00,  0.3648825359390520E+03,  0.3092826029430285E+00
   0.3652600000000000E+03,  0.1549168393938254E+00,  0.3651530455451497E+03, -0.4796238454349577E-01
   0.3659800000000000E+03,  0.8134020663156571E+00,  0.3654547227807121E+03, -0.2881248470276887E+00
   0.3672400000000000E+03,  0.1564819485702960E+01,  0.3657564000162745E+03, -0.8121950197744354E-01
   0.3686600000000000E+03,  0.2683394016907982E+01,  0.3660464212204232E+03, -0.6981523733111317E-01
   0.3694200000000000E+03,  0.3026814123356879E+01,  0.3663364424245718E+03,  0.5674345207131637E-01
   0.3689900000000000E+03,  0.2313174578169761E+01,  0.3665949471726707E+03,  0.8187824915955844E-01
   0.3678200000000000E+03,  0.5941868754487275E+00,  0.3668534519207695E+03,  0.3723612037817361E+00
   0.3659500000000000E+03, -0.1619935178221219E+01,  0.3670826407796247E+03,  0.4872943985964753E+00
   0.3640200000000000E+03, -0.3329731088735048E+01,  0.3673118296384799E+03,  0.3790145025516267E-01
   0.3644000000000000E+03, -0.3318131546908281E+01,  0.3674868773027523E+03,  0.2312542441559344E+00
   0.3655200000000000E+03, -0.2091240739761125E+01,  0.3676619249670248E+03, -0.5068422726367316E-01
   0.3671300000000000E+03, -0.8082271698255170E+00,  0.3677840732474627E+03,  0.1541539223627524E+00
   0.3681800000000000E+03,  0.1680502987304463E+00,  0.3679062215279008E+03,  0.1057281733687887E+00
   0.3690700000000000E+03,  0.8254438503356996E+00,  0.3679964854599324E+03,  0.2480706897318328E+00
   0.3696800000000000E+03,  0.1563823294731933E+01,  0.3680867493919641E+03,  0.2942731330392689E-01
   0.3709900000000000E+03,  0.2687788885234812E+01,  0.3681676012378214E+03,  0.1346098769437845E+00
   0.3709600000000000E+03,  0.3036408022366531E+01,  0.3682484530836787E+03, -0.3248611060452617E+00
   0.3703000000000000E+03,  0.2308145607196666E+01,  0.3683259671047290E+03, -0.3341127119256271E+00
   0.3694500000000000E+03,  0.5856192584421155E+00,  0.3684034811257793E+03,  0.4608996157786009E+00
   0.3669000000000000E+03, -0.1634292624810424E+01,  0.3684785577836350E+03,  0.5573484117542193E-01
   0.3648100000000000E+03, -0.3332885449610457E+01,  0.3685536344414907E+03, -0.4107489918802116E+00
   0.3653700000000000E+03, -0.3321887197875914E+01,  0.3686248599349505E+03,  0.6702726292542138E-01
   0.3667200000000000E+03, -0.2089024647850315E+01,  0.3686960854284104E+03,  0.1129392194399657E+00
   0.3681000000000000E+03, -0.8046280311203691E+00,  0.3687708252581713E+03,  0.1338027729491387E+00
   0.3692900000000000E+03,  0.1761492734464204E+00,  0.3688455650879322E+03,  0.2682856386213643E+00
   0.3695400000000000E+03,  0.8280246944761724E+00,  0.3689450598991573E+03, -0.2330845936334640E+00
   0.3706000000000000E+03,  0.1563450612495139E+01,  0.3690445547103823E+03, -0.8005322877409071E-02
   0.3718100000000000E+03,  0.2692832270478872E+01,  0.3691776161110314E+03, -0.6044838151024123E-01
   0.3715800000000000E+03,  0.3046675446476410E+01,  0.3693106775116805E+03, -0.7773529581569392E+00
   0.3717000000000000E+03,  0.2303754696407105E+01,  0.3694540579237371E+03, -0.5781262014426147E-01
   0.3698600000000000E+03,  0.5776542367023456E+00,  0.3695974383357938E+03, -0.3150925724960985E+00
   0.3681300000000000E+03, -0.1648119854073086E+01,  0.3697530320869669E+03,  0.2508776710618577E-01
   0.3670000000000000E+03, -0.3335581971099623E+01,  0.3699086258381400E+03,  0.4269561329596172E+00
   0.3670300000000000E+03, -0.3325270497038017E+01,  0.3700659631928024E+03,  0.2893073042355923E+00
   0.3683700000000000E+03, -0.2086521691714685E+01,  0.3702233005474648E+03,  0.2332211442499101E+00
   0.3696700000000000E+03, -0.8008143383012748E+00,  0.3703601076261033E+03,  0.1107067121979526E+00
   0.3705900000000000E+03,  0.1843904921654667E+00,  0.3704969147047419E+03, -0.9130519690739902E-01
   0.3715100000000000E+03,  0.8307011637979433E+00,  0.3706084505948252E+03,  0.7084824137689338E-01
   0.3724300000000000E+03,  0.1563126936617868E+01,  0.3707199864849085E+03,  0.1468865784736408E+00
   0.3733700000000000E+03,  0.2697904286618404E+01,  0.3708317759253827E+03, -0.1596802120010352E+00
   0.3738500000000000E+03,  0.3056951126017707E+01,  0.3709435653658568E+03, -0.1505164918744981E+00
   0.3732100000000000E+03,  0.2299368037815367E+01,  0.3710765764011696E+03, -0.1659444389849796E+00
   0.3715100000000000E+03,  0.5696894639268024E+00,  0.3712095874364823E+03, -0.2692769004091247E+00
   0.3696100000000000E+03, -0.1661946958853635E+01,  0.3713588336819295E+03, -0.8688672307579282E-01
   0.3681800000000000E+03, -0.3338278492588790E+01,  0.3715080799273766E+03,  0.1019856521219253E-01
   0.3684500000000000E+03, -0.3328653726459166E+01,  0.3716672105556569E+03,  0.1114431708022039E+00
   0.3697600000000000E+03, -0.2084018596097150E+01,  0.3718263411839372E+03,  0.1767741215991236E-01
   0.3712400000000000E+03, -0.7970027788027959E+00,  0.3720034163039563E+03,  0.3358647484651556E-01
   0.3725300000000000E+03,  0.1926273047613762E+00,  0.3721804914239753E+03,  0.1568812712632734E+00
   0.3732000000000000E+03,  0.8333561170395536E+00,  0.3723711486647009E+03, -0.4504781740422459E-02
   0.3741200000000000E+03,  0.1562764634703414E+01,  0.3725618059054264E+03, -0.4570540129748224E-02
   0.3750200000000000E+03,  0.2702893754989470E+01,  0.3727591560952538E+03, -0.4420498502432793E+00
   0.3757600000000000E+03,  0.3067100336059258E+01,  0.3729565062850812E+03, -0.2636066211404682E+00
   0.3755200000000000E+03,  0.2294787878977889E+01,  0.3731630007584774E+03,  0.6221136254464454E-01
   0.3740100000000000E+03,  0.5614641601595273E+00,  0.3733694952318737E+03,  0.7904060796681733E-01
   0.3718500000000000E+03, -0.1676113544918561E+01,  0.3735818041784039E+03, -0.5569063348531245E-01
   0.3707500000000000E+03, -0.3341393445654979E+01,  0.3737941131249341E+03,  0.2972803207209154E+00
   0.3705500000000000E+03, -0.3332531765973508E+01,  0.3740107201566901E+03, -0.1281883907165593E+00
   0.3722500000000000E+03, -0.2082086689088976E+01,  0.3742273271884461E+03,  0.1047595006428992E+00
   0.3737900000000000E+03, -0.7938233811018038E+00,  0.3744452978439875E+03,  0.1385255371143330E+00
   0.3748800000000000E+03,  0.2001709823716743E+00,  0.3746632684995289E+03,  0.1656051809942483E-01
   0.3756400000000000E+03,  0.8352938936316451E+00,  0.3748780994180007E+03, -0.7339331163240104E-01
   0.3764500000000000E+03,  0.1559783973684294E+01,  0.3750929303364726E+03, -0.2027143101569209E+00
   0.3777300000000000E+03,  0.2715961308783845E+01,  0.3753014426203320E+03, -0.2874039291157828E+00
   0.3786000000000000E+03,  0.3084510244772100E+01,  0.3755099549041914E+03,  0.5534851036543387E-02
   0.3782800000000000E+03,  0.2293726247345921E+01,  0.3757079851904842E+03,  0.2782885621698483E+00
   0.3767000000000000E+03,  0.5496649302903023E+00,  0.3759060154767770E+03,  0.2443195929326976E+00
   0.3743800000000000E+03, -0.1694971461790280E+01,  0.3760978157581164E+03, -0.2284429632618412E-01
   0.3731700000000000E+03, -0.3349379486482274E+01,  0.3762896160394559E+03,  0.2297634470264143E+00
   0.3731400000000000E+03, -0.3336510219732950E+01,  0.3764664102814146E+03,  0.1009993831831935E-01
   0.3746600000000000E+03, -0.2076053734012221E+01,  0.3766432045233734E+03,  0.9284921063891716E-01
   0.3759900000000000E+03, -0.7896061540307129E+00,  0.3767782387025958E+03,  0.1367451434930445E-02
   0.3770000000000000E+03,  0.2062356817972390E+00,  0.3769132728818183E+03, -0.1195085636155113E+00
   0.3778700000000000E+03,  0.8332633386878899E+00,  0.3770206992098302E+03,  0.1603745148190683E-01
   0.3788800000000000E+03,  0.1557030935083234E+01,  0.3771281255378421E+03,  0.1948435270746813E+00
   0.3803500000000000E+03,  0.2729271514796703E+01,  0.3772351028348205E+03,  0.3856256503827922E+00
   0.3806200000000000E+03,  0.3102177835503849E+01,  0.3773420801317990E+03,  0.1757420326972010E+00
   0.3796900000000000E+03,  0.2292902976439558E+01,  0.3774593478758158E+03, -0.6225085225531757E-01
   0.3774700000000000E+03,  0.5380847398533799E+00,  0.3775766156198325E+03, -0.6447003596858849E+00
   0.3760100000000000E+03, -0.1713644640533291E+01,  0.3777135489397500E+03,  0.1009570078326760E-01
   0.3742500000000000E+03, -0.3357215090484455E+01,  0.3778504822596675E+03, -0.2432671691830706E+00
   0.3744600000000000E+03, -0.3340369929928308E+01,  0.3780191338520622E+03, -0.2187639221338600E+00
   0.3761600000000000E+03, -0.2069933728632412E+01,  0.3781877854444569E+03,  0.4214828417553917E-01
   0.3775100000000000E+03, -0.7853228496765006E+00,  0.3784015385052826E+03, -0.1062156556061495E+00
   0.3784600000000000E+03,  0.2123454854859911E+00,  0.3786152915661084E+03, -0.3676370515943859E+00
   0.3797300000000000E+03,  0.8312641722026010E+00,  0.3788470709700829E+03,  0.5166485771445650E-01
   0.3807700000000000E+03,  0.1554295569135920E+01,  0.3790788503740575E+03,  0.1368540568065555E+00
   0.3822900000000000E+03,  0.2742592190584071E+01,  0.3792964975700881E+03,  0.2509102393278226E+00
   0.3824500000000000E+03,  0.3119848693130873E+01,  0.3795141447661189E+03, -0.1839934592497343E+00
   0.3822200000000000E+03,  0.2292081390588740E+01,  0.3797213208392209E+03,  0.2065977701903989E+00
   0.3807400000000000E+03,  0.5265046526322750E+00,  0.3799284969123228E+03,  0.2849984350448835E+00
   0.3787400000000000E+03, -0.1732317767668392E+01,  0.3801245039526706E+03,  0.3478138149978349E+00
   0.3767000000000000E+03, -0.3365050694486636E+01,  0.3803205109930183E+03, -0.2554602985316592E+00
   0.3770000000000000E+03, -0.3344229605656150E+01,  0.3805031640280508E+03, -0.1589344223946227E+00
   0.3783500000000000E+03, -0.2063813654317572E+01,  0.3806858170630833E+03, -0.2720034087656700E+00
   0.3801100000000000E+03, -0.7810397715762725E+00,  0.3808569658762555E+03,  0.3407389532077332E-01
   0.3813800000000000E+03,  0.2184547677317447E+00,  0.3810281146894278E+03,  0.1334305428404718E+00
   0.3821900000000000E+03,  0.8292611045601831E+00,  0.3811936447278043E+03,  0.1670941676354687E+00
   0.3826700000000000E+03,  0.1551552922317345E+01,  0.3813591747661808E+03, -0.2407276884981684E+00
   0.3846100000000000E+03,  0.2755895903498405E+01,  0.3815200617024077E+03,  0.3340423940938990E+00
   0.3850300000000000E+03,  0.3137492905883086E+01,  0.3816809486386346E+03,  0.2115584554823045E+00
   0.3840500000000000E+03,  0.2291217055891313E+01,  0.3818240599074719E+03, -0.6527696336320332E-01
   0.3824600000000000E+03,  0.5148657125927595E+00,  0.3819671711763093E+03, -0.2203688890210742E-01
   0.3804100000000000E+03, -0.1751069825899997E+01,  0.3821038593579608E+03,  0.5721046793922824E-01
   0.3788500000000000E+03, -0.3372985307863412E+01,  0.3822405475396124E+03, -0.1756223174891147E-01
   0.3791300000000000E+03, -0.3348207647569809E+01,  0.3823869984565229E+03,  0.9120919104697123E-01
   0.3801500000000000E+03, -0.2057831302999769E+01,  0.3825334493734334E+03, -0.3256180704336202E+00
   0.3818200000000000E+03, -0.7769097812633565E+00,  0.3826899218408192E+03, -0.9301205955580372E-01
   0.3828900000000000E+03,  0.2243955973999113E+00,  0.3828463943082050E+03, -0.1807899056049109E+00
   0.3839000000000000E+03,  0.8270829903722341E+00,  0.3830121762835402E+03,  0.6074072608760162E-01
   0.3845800000000000E+03,  0.1548076528282464E+01,  0.3831779582588753E+03, -0.1460347871577596E+00
   0.3865000000000000E+03,  0.2770488965124607E+01,  0.3833536403929710E+03,  0.3758706419043847E+00
   0.3865600000000000E+03,  0.3157500690337639E+01,  0.3835293225270668E+03, -0.1268232174044215E+00
   0.3861000000000000E+03,  0.2291228784410768E+01,  0.3837128562832690E+03,  0.9591493232022685E-01
   0.3845000000000000E+03,  0.5024237696028724E+00,  0.3838963900394713E+03,  0.1011861909258300E+00
   0.3819900000000000E+03, -0.1770833449560517E+01,  0.3840551318516952E+03, -0.2942984021346433E+00
   0.3809600000000000E+03, -0.3380932401260893E+01,  0.3842138736639191E+03,  0.1270587373417698E+00
   0.3811200000000000E+03, -0.3352351948345469E+01,  0.3843428192212258E+03,  0.1295327271196811E+00
   0.3824500000000000E+03, -0.2051945952358925E+01,  0.3844717647785325E+03,  0.3018117382646324E-01
   0.3839500000000000E+03, -0.7738374255960240E+00,  0.3846057228081930E+03,  0.1181146174029664E+00
   0.3855200000000000E+03,  0.2304003002559439E+00,  0.3847396808378535E+03,  0.5499188618904896E+00
   0.3858200000000000E+03,  0.8249082624690413E+00,  0.3848954093083861E+03,  0.9968242914487746E-01
   0.3860300000000000E+03,  0.1544650054668280E+01,  0.3850511377789187E+03, -0.5657878335870237E+00
   0.3872100000000000E+03,  0.2785134584252738E+01,  0.3852082654054377E+03, -0.7833999896904515E+00
   0.3885400000000000E+03,  0.3177563669375352E+01,  0.3853653930319567E+03, -0.2956701332038847E-02
   0.3877600000000000E+03,  0.2291291159559836E+01,  0.3855196735897725E+03, -0.5096474933236550E-01
   0.3863600000000000E+03,  0.4900279252890512E+00,  0.3856739541475884E+03,  0.1960179271225684E+00
   0.3840900000000000E+03, -0.1790559539457946E+01,  0.3858433447506844E+03,  0.3721478877349682E-01
   0.3831800000000000E+03, -0.3388850525808257E+01,  0.3860127353537804E+03,  0.5561151720278303E+00
   0.3829900000000000E+03, -0.3356475055647463E+01,  0.3861824672807178E+03,  0.1640077749297006E+00
   0.3841900000000000E+03, -0.2046047183620864E+01,  0.3863521992076551E+03, -0.1161520240342497E+00
   0.3855600000000000E+03, -0.7707560945000386E+00,  0.3864943468695085E+03, -0.1635907750085153E+00
   0.3869400000000000E+03,  0.2364095358720658E+00,  0.3866364945313620E+03,  0.6709593276599435E-01
   0.3874800000000000E+03,  0.8227362264294724E+00,  0.3867752018185467E+03, -0.1179380449761425E+00
   0.3888200000000000E+03,  0.1541224432021254E+01,  0.3869139091057314E+03,  0.3648664622473348E+00
   0.3895500000000000E+03,  0.2799780651056394E+01,  0.3870586392337848E+03, -0.3084198848411575E+00
   0.3901400000000000E+03,  0.3197626692796957E+01,  0.3872033693618382E+03, -0.2609960546351431E+00
   0.3894800000000000E+03,  0.2291353557333540E+01,  0.3873605394531021E+03, -0.1718930104356104E+00
   0.3880300000000000E+03,  0.4776320818406086E+00,  0.3875177095443660E+03,  0.3465837379337700E-01
   0.3861100000000000E+03, -0.1810285628922685E+01,  0.3877069165596795E+03,  0.2133690692431287E+00
   0.3847400000000000E+03, -0.3396768650355620E+01,  0.3878961235749931E+03,  0.2406450753625222E+00
   0.3844300000000000E+03, -0.3360598179875232E+01,  0.3881173920685462E+03, -0.3267938886709203E+00
   0.3860200000000000E+03, -0.2040148448734355E+01,  0.3883386605620992E+03, -0.2785121133649113E+00
   0.3874200000000000E+03, -0.7676752515978092E+00,  0.3885581878965951E+03, -0.3705126449972909E+00
   0.3887100000000000E+03,  0.2424178289522269E+00,  0.3887777152310911E+03, -0.3101330600433130E+00
   0.3902000000000000E+03,  0.8205602778265838E+00,  0.3889841533763386E+03,  0.3952863458348475E+00
   0.3911700000000000E+03,  0.1537791926783550E+01,  0.3891905915215860E+03,  0.4416165516304886E+00
   0.3924600000000000E+03,  0.2814412082434844E+01,  0.3893998753883664E+03,  0.2457125291987836E+00
   0.3930000000000000E+03,  0.3217667327958829E+01,  0.3896091592551468E+03,  0.1731734168943717E+00
   0.3921500000000000E+03,  0.2291381359246956E+01,  0.3898024826495671E+03,  0.5613599118595403E-01
   0.3902000000000000E+03,  0.4651894349313236E+00,  0.3899958060439873E+03, -0.2609954789186872E+00
   0.3883500000000000E+03, -0.1830072926383018E+01,  0.3901455430033804E+03,  0.3452992300265123E-01
   0.3868500000000000E+03, -0.3404762387433329E+01,  0.3902952799627735E+03, -0.4051757534011813E-01
   0.3872400000000000E+03, -0.3364809733532076E+01,  0.3904102554662227E+03,  0.1945542673093428E+00
   0.3886700000000000E+03, -0.2034350960175649E+01,  0.3905252309696720E+03,  0.1791199905036365E+00
   0.3897900000000000E+03, -0.7647036888804991E+00,  0.3906511133909937E+03, -0.9640970211319200E-01
   0.3913300000000000E+03,  0.2483088079903521E+00,  0.3907769958123154E+03,  0.3046953796942944E+00
   0.3918600000000000E+03,  0.8182674593894462E+00,  0.3909273522913903E+03,  0.1143802492202894E+00
   0.3926000000000000E+03,  0.1534387573532371E+01,  0.3910777087704652E+03, -0.1209634399754123E-01
   0.3932500000000000E+03,  0.2829190158618520E+01,  0.3912354317463902E+03, -0.8146219050087780E+00
   0.3941900000000000E+03,  0.3240134662815545E+01,  0.3913931547223153E+03, -0.4432893851308677E+00
   0.3937300000000000E+03,  0.2291654786617431E+01,  0.3915575603391251E+03, -0.1192151257425280E+00
   0.3925100000000000E+03,  0.4524027449652719E+00,  0.3917219659559349E+03,  0.3356312990997594E+00
   0.3901300000000000E+03, -0.1850613464674443E+01,  0.3919019728222424E+03,  0.7864064243199209E-01
   0.3890800000000000E+03, -0.3413167512651043E+01,  0.3920819796885499E+03,  0.4111878241011482E+00
   0.3890000000000000E+03, -0.3369124299768675E+01,  0.3922724216292508E+03,  0.9670267051785686E-01
   0.3902800000000000E+03, -0.2028342192917873E+01,  0.3924628635699517E+03, -0.1545213770338592E+00
   0.3918600000000000E+03, -0.7623595250321781E+00,  0.3926375489593161E+03, -0.1518943428385455E-01
   0.3931200000000000E+03,  0.2540526636754170E+00,  0.3928122343486804E+03,  0.5371298764418952E-01
   0.3938600000000000E+03,  0.8154419430569932E+00,  0.3929825930167752E+03,  0.6196504016776316E-01
   0.3944000000000000E+03,  0.1531083258508389E+01,  0.3931529516848700E+03, -0.2840349433784013E+00
   0.3961800000000000E+03,  0.2844065031978203E+01,  0.3933422012188024E+03, -0.6266250780583960E-02
   0.3967400000000000E+03,  0.3262695553797078E+01,  0.3935314507527348E+03, -0.5414630653189079E-01
   0.3957100000000000E+03,  0.2292011719459528E+01,  0.3937431276850419E+03, -0.3251394045014990E+00
   0.3943600000000000E+03,  0.4396895098176468E+00,  0.3939548046173491E+03, -0.3449412716668121E-01
   0.3923900000000000E+03, -0.1871093278505260E+01,  0.3941836745692734E+03,  0.7741870923183569E-01
   0.3911100000000000E+03, -0.3421524643765968E+01,  0.3944125445211977E+03,  0.1189801225682459E+00
   0.3910500000000000E+03, -0.3373402064088062E+01,  0.3946481115958826E+03, -0.2247095317945309E+00
   0.3929800000000000E+03, -0.2022307815928463E+01,  0.3948836786705675E+03,  0.1186291453609556E+00
   0.3943400000000000E+03, -0.7599970354290480E+00,  0.3951195677462517E+03, -0.1957071082273387E-01
   0.3955500000000000E+03,  0.2598075611384661E+00,  0.3953554568219359E+03, -0.6526438307435001E-01
   0.3968000000000000E+03,  0.8126236312202950E+00,  0.3955832499471565E+03,  0.4041264216232321E+00
   0.3974300000000000E+03,  0.1527782310697933E+01,  0.3958110430723771E+03,  0.9117461692494544E-01
   0.3984100000000000E+03,  0.2858941845942093E+01,  0.3960205180694863E+03, -0.4694599154283878E+00
   0.3997800000000000E+03,  0.3285256958773501E+01,  0.3962299930665956E+03,  0.2647499746308313E+00
   0.3986100000000000E+03,  0.2292368917105187E+01,  0.3964169766802052E+03, -0.9934559731033232E-01
   0.3973200000000000E+03,  0.4269762902822535E+00,  0.3966039602938146E+03,  0.2890634159031151E+00
   0.3952000000000000E+03, -0.1891573084529960E+01,  0.3967783685762831E+03,  0.3132045082468267E+00
   0.3934500000000000E+03, -0.3429881774880893E+01,  0.3969527768587516E+03, -0.7289508387071919E-01
   0.3937000000000000E+03, -0.3377679863908738E+01,  0.3971357428396050E+03, -0.5806297569625940E-01
   0.3951600000000000E+03, -0.2016273509941628E+01,  0.3973187088204584E+03, -0.1424353105167597E+00
   0.3968400000000000E+03, -0.7576353947811966E+00,  0.3975017662228823E+03,  0.9586917189881206E-01
   0.3978500000000000E+03,  0.2655608316935324E+00,  0.3976848236253063E+03, -0.1003844569997341E+00
   0.3980100000000000E+03,  0.8097994794175698E+00,  0.3978608708843327E+03, -0.6606703637502847E+00
   0.3997700000000000E+03,  0.1524471309863405E+01,  0.3980369181433591E+03,  0.2086105467774360E+00
   0.4013800000000000E+03,  0.2873798558456535E+01,  0.3982165548081368E+03,  0.2896466334066190E+00
   0.4017800000000000E+03,  0.3307788213875096E+01,  0.3983961914729146E+03,  0.7602031321033564E-01
   0.4012500000000000E+03,  0.2292681267398330E+01,  0.3985743955924455E+03,  0.3829231401561515E+00
   0.3991000000000000E+03,  0.4142035259166582E+00,  0.3987525997119765E+03, -0.6680323789311160E-01
   0.3970300000000000E+03, -0.1912128610247840E+01,  0.3989179063248041E+03,  0.2422228544372729E-01
   0.3953800000000000E+03, -0.3438330800551972E+01,  0.3990832129376317E+03, -0.2648821370797805E+00
   0.3960300000000000E+03, -0.3382063452579797E+01,  0.3992389024955858E+03,  0.1731609569940247E+00
   0.3972800000000000E+03, -0.2010358887099406E+01,  0.3993945920535398E+03, -0.1042331664403946E+00
   0.3989100000000000E+03, -0.7554017310038602E+00,  0.3995577067600906E+03,  0.1076949709133146E+00
   0.3999800000000000E+03,  0.2711778316521823E+00,  0.3997208214666414E+03, -0.1199929829363100E-01
   0.4002800000000000E+03,  0.8068406932826537E+00,  0.3998963339020039E+03, -0.4231745952865822E+00
   0.4015400000000000E+03,  0.1521263129175819E+01,  0.4000718463373663E+03, -0.5310946654208237E-01
   0.4032800000000000E+03,  0.2889580041320694E+01,  0.4002718221241399E+03,  0.1185978345393437E+00
   0.4039600000000000E+03,  0.3332410072554624E+01,  0.4004717979109136E+03,  0.1557920165317341E+00
   0.4028000000000000E+03,  0.2293362300765227E+01,  0.4007057520630615E+03, -0.1991143638267090E+00
   0.4013100000000000E+03,  0.4009595871772151E+00,  0.4009397062152094E+03, -0.3066580238663619E-01
   0.3989300000000000E+03, -0.1933600733074514E+01,  0.4012120326212677E+03, -0.3484318881931472E+00
   0.3976300000000000E+03, -0.3448132439150066E+01,  0.4014843590273259E+03, -0.4062265881758549E+00
   0.3982900000000000E+03, -0.3386507333247415E+01,  0.4017948702097596E+03, -0.1183628765121512E+00
   0.4001600000000000E+03, -0.2003773566525066E+01,  0.4021053813921933E+03,  0.5839217433180011E-01
   0.4018500000000000E+03, -0.7530381988794990E+00,  0.4024260047900735E+03,  0.1770334088059826E+00
   0.4025200000000000E+03,  0.2764862158124800E+00,  0.4027466281879537E+03, -0.5031144037662330E+00
   0.4040400000000000E+03,  0.8029639358342512E+00,  0.4030420934404896E+03,  0.1949426236761838E+00
   0.4048300000000000E+03,  0.1518154368161392E+01,  0.4033375586930255E+03, -0.2571306118687744E-01
   0.4074200000000000E+03,  0.2905450856391828E+01,  0.4036062842712788E+03,  0.9082648723294255E+00
   0.4077000000000000E+03,  0.3357111175974943E+01,  0.4038750098495320E+03,  0.4678789744930327E+00
   0.4068100000000000E+03,  0.2294102035378959E+01,  0.4041027476221351E+03,  0.4131503424859488E+00
   0.4043900000000000E+03,  0.3877538061906488E+00,  0.4043304853947381E+03, -0.3282392009287491E+00
   0.4022500000000000E+03, -0.1955057856900702E+01,  0.4045488628841424E+03, -0.3438050272417286E+00
   0.4010300000000000E+03, -0.3457942237500063E+01,  0.4047672403735468E+03, -0.2792981360467479E+00
   0.4015700000000000E+03, -0.3390979620006239E+01,  0.4049787651360582E+03, -0.1778551605195844E-01
   0.4035300000000000E+03, -0.1997236898381233E+01,  0.4051902898985696E+03,  0.3369469998115733E+00
   0.4044800000000000E+03, -0.7507381796761436E+00,  0.4053988161481549E+03, -0.1680779684787126E+00
   0.4061300000000000E+03,  0.2817162265612732E+00,  0.4056073423977402E+03,  0.2409413756985259E+00
   0.4064200000000000E+03,  0.7990017722599206E+00,  0.4058147380873397E+03, -0.1937398595996456E+00
